Date,Adj Close,Volume
2013-05-01,1582.699951,3530320000.0
2013-05-02,1597.589966,3366950000.0
2013-05-03,1614.420044,3603910000.0
2013-05-04,1615.446696,3423353333.3333335
2013-05-05,1616.473348,3242796666.6666665
2013-05-06,1617.5,3062240000.0
2013-05-07,1625.959961,3309580000.0
2013-05-08,1632.689941,3554700000.0
2013-05-09,1626.670044,3457400000.0
2013-05-10,1633.699951,3086470000.0
2013-05-11,1633.7233073333334,3027846666.6666665
2013-05-12,1633.7466636666666,2969223333.3333335
2013-05-13,1633.77002,2910600000.0
2013-05-14,1650.339966,3457790000.0
2013-05-15,1658.780029,3657440000.0
2013-05-16,1650.469971,3513130000.0
2013-05-17,1667.469971,3440710000.0
2013-05-18,1667.0766603333334,3385500000.0
2013-05-19,1666.6833496666666,3330290000.0
2013-05-20,1666.290039,3275080000.0
2013-05-21,1669.160034,3513560000.0
2013-05-22,1655.349976,4361020000.0
2013-05-23,1650.51001,3945510000.0
2013-05-24,1649.599976,2758080000.0
2013-05-25,1652.21499675,2932910000.0
2013-05-26,1654.8300175,3107740000.0
2013-05-27,1657.44503825,3282570000.0
2013-05-28,1660.060059,3457400000.0
2013-05-29,1648.359985,3587140000.0
2013-05-30,1654.410034,3498620000.0
2013-05-31,1630.73999,4099600000.0
2013-06-01,1633.9666746666667,4050423333.3333335
2013-06-02,1637.1933593333333,4001246666.6666665
2013-06-03,1640.420044,3952070000.0
2013-06-04,1631.380005,3653840000.0
2013-06-05,1608.900024,3632350000.0
2013-06-06,1622.560059,3547380000.0
2013-06-07,1643.380005,3371990000.0
2013-06-08,1643.1900229999999,3240903333.3333335
2013-06-09,1643.000041,3109816666.6666665
2013-06-10,1642.810059,2978730000.0
2013-06-11,1626.130005,3435710000.0
2013-06-12,1612.52002,3202550000.0
2013-06-13,1636.359985,3378620000.0
2013-06-14,1626.72998,2939400000.0
2013-06-15,1630.833333,3005293333.3333335
2013-06-16,1634.936686,3071186666.6666665
2013-06-17,1639.040039,3137080000.0
2013-06-18,1651.810059,3120980000.0
2013-06-19,1628.930054,3545060000.0
2013-06-20,1588.189941,4858850000.0
2013-06-21,1592.430054,5797280000.0
2013-06-22,1585.983358,5442740000.0
2013-06-23,1579.536662,5088200000.0
2013-06-24,1573.089966,4733660000.0
2013-06-25,1588.030029,3761170000.0
2013-06-26,1603.26001,3558340000.0
2013-06-27,1613.199951,3364540000.0
2013-06-28,1606.280029,4977190000.0
2013-06-29,1609.1733396666666,4353023333.333333
2013-06-30,1612.0666503333334,3728856666.666667
2013-07-01,1614.959961,3104690000.0
2013-07-02,1614.079956,3317130000.0
2013-07-03,1615.410034,1966050000.0
2013-07-04,1623.6500245,2300095000.0
2013-07-05,1631.890015,2634140000.0
2013-07-06,1634.7466636666666,2927623333.3333335
2013-07-07,1637.6033123333334,3221106666.6666665
2013-07-08,1640.459961,3514590000.0
2013-07-09,1652.319946,3155360000.0
2013-07-10,1652.619995,3011010000.0
2013-07-11,1675.02002,3446340000.0
2013-07-12,1680.189941,3039070000.0
2013-07-13,1680.9599606666668,2900446666.6666665
2013-07-14,1681.7299803333333,2761823333.3333335
2013-07-15,1682.5,2623200000.0
2013-07-16,1676.26001,3081710000.0
2013-07-17,1680.910034,3153440000.0
2013-07-18,1689.369995,3452370000.0
2013-07-19,1692.089966,3302580000.0
2013-07-20,1693.2366536666666,3128096666.6666665
2013-07-21,1694.3833413333334,2953613333.3333335
2013-07-22,1695.530029,2779130000.0
2013-07-23,1692.390015,3096180000.0
2013-07-24,1685.939941,3336120000.0
2013-07-25,1690.25,3322500000.0
2013-07-26,1691.6500239999998,2762770000.0
2013-07-27,1689.5433346666664,2788686666.6666665
2013-07-28,1687.4366453333332,2814603333.3333335
2013-07-29,1685.3299559999998,2840520000.0
2013-07-30,1685.959961,3320530000.0
2013-07-31,1685.72998,3847390000.0
2013-08-01,1706.869995,3775170000.0
2013-08-02,1709.6700440000002,3136630000.0
2013-08-03,1708.8267010000002,2934186666.6666665
2013-08-04,1707.983358,2731743333.3333335
2013-08-05,1707.140015,2529300000.0
2013-08-06,1697.369995,3141210000.0
2013-08-07,1690.910034,3010230000.0
2013-08-08,1697.47998,3271660000.0
2013-08-09,1691.4200440000002,2957670000.0
2013-08-10,1690.7700196666667,2901500000.0
2013-08-11,1690.1199953333335,2845330000.0
2013-08-12,1689.469971,2789160000.0
2013-08-13,1694.160034,3035560000.0
2013-08-14,1685.390015,2871430000.0
2013-08-15,1661.319946,3426690000.0
2013-08-16,1655.829956,3211450000.0
2013-08-17,1652.5733236666667,3109143333.3333335
2013-08-18,1649.3166913333332,3006836666.6666665
2013-08-19,1646.060059,2904530000.0
2013-08-20,1652.349976,2994090000.0
2013-08-21,1642.800049,2932180000.0
2013-08-22,1656.959961,2537460000.0
2013-08-23,1663.5,2582670000.0
2013-08-24,1661.2600096666667,2532003333.3333335
2013-08-25,1659.0200193333333,2481336666.6666665
2013-08-26,1656.780029,2430670000.0
2013-08-27,1630.47998,3219190000.0
2013-08-28,1634.959961,2784010000.0
2013-08-29,1638.170044,2527550000.0
2013-08-30,1632.969971,2734300000.0
2013-08-31,1634.6699832499999,2983627500.0
2013-09-01,1636.3699955,3232955000.0
2013-09-02,1638.07000775,3482282500.0
2013-09-03,1639.77002,3731610000.0
2013-09-04,1653.079956,3312150000.0
2013-09-05,1655.079956,2957110000.0
2013-09-06,1655.170044,3123880000.0
2013-09-07,1660.6833496666666,3116846666.6666665
2013-09-08,1666.1966553333334,3109813333.3333335
2013-09-09,1671.709961,3102780000.0
2013-09-10,1683.9899899999998,3691800000.0
2013-09-11,1689.130005,3135460000.0
2013-09-12,1683.4200440000002,3106290000.0
2013-09-13,1687.9899899999998,2736500000.0
2013-09-14,1691.1933186666665,2850933333.3333335
2013-09-15,1694.3966473333335,2965366666.6666665
2013-09-16,1697.5999760000002,3079800000.0
2013-09-17,1704.7600100000002,2774240000.0
2013-09-18,1725.52002,3989760000.0
2013-09-19,1722.339966,3740130000.0
2013-09-20,1709.910034,5074030000.0
2013-09-21,1707.2200113333333,4425003333.333333
2013-09-22,1704.5299886666667,3775976666.666667
2013-09-23,1701.839966,3126950000.0
2013-09-24,1697.4200440000002,3268930000.0
2013-09-25,1692.77002,3148730000.0
2013-09-26,1698.6700440000002,2813930000.0
2013-09-27,1691.75,2951700000.0
2013-09-28,1688.3500163333333,3070676666.6666665
2013-09-29,1684.9500326666666,3189653333.3333335
2013-09-30,1681.550049,3308630000.0
2013-10-01,1695.0,3238690000.0
2013-10-02,1693.869995,3148600000.0
2013-10-03,1678.660034,3279650000.0
2013-10-04,1690.5,2880270000.0
2013-10-05,1685.706665,2813010000.0
2013-10-06,1680.91333,2745750000.0
2013-10-07,1676.119995,2678490000.0
2013-10-08,1655.449951,3569230000.0
2013-10-09,1656.400024,3577840000.0
2013-10-10,1692.560059,3362300000.0
2013-10-11,1703.199951,2944670000.0
2013-10-12,1705.5133056666666,2823306666.6666665
2013-10-13,1707.8266603333334,2701943333.3333335
2013-10-14,1710.140015,2580580000.0
2013-10-15,1698.060059,3327740000.0
2013-10-16,1721.540039,3486180000.0
2013-10-17,1733.1500239999998,3453590000.0
2013-10-18,1744.5,3664890000.0
2013-10-19,1744.5533446666666,3460830000.0
2013-10-20,1744.6066893333334,3256770000.0
2013-10-21,1744.660034,3052710000.0
2013-10-22,1754.6700440000002,3850840000.0
2013-10-23,1746.380005,3713380000.0
2013-10-24,1752.069946,3671700000.0
2013-10-25,1759.77002,3175720000.0
2013-10-26,1760.5500083333334,3211246666.6666665
2013-10-27,1761.3299966666666,3246773333.3333335
2013-10-28,1762.109985,3282300000.0
2013-10-29,1771.949951,3358460000.0
2013-10-30,1763.310059,3523040000.0
2013-10-31,1756.540039,3826530000.0
2013-11-01,1761.640015,3686290000.0
2013-11-02,1763.7366946666666,3522483333.3333335
2013-11-03,1765.8333743333333,3358676666.6666665
2013-11-04,1767.930054,3194870000.0
2013-11-05,1762.969971,3516680000.0
2013-11-06,1770.4899899999998,3322100000.0
2013-11-07,1747.1500239999998,4143200000.0
2013-11-08,1770.609985,3837170000.0
2013-11-09,1771.0366616666668,3402800000.0
2013-11-10,1771.4633383333332,2968430000.0
2013-11-11,1771.890015,2534060000.0
2013-11-12,1767.689941,3221030000.0
2013-11-13,1782.0,3327480000.0
2013-11-14,1790.619995,3139060000.0
2013-11-15,1798.180054,3254820000.0
2013-11-16,1795.963379,3226053333.3333335
2013-11-17,1793.746704,3197286666.6666665
2013-11-18,1791.530029,3168520000.0
2013-11-19,1787.869995,3224450000.0
2013-11-20,1781.369995,3109140000.0
2013-11-21,1795.8499760000002,3256630000.0
2013-11-22,1804.7600100000002,3055140000.0
2013-11-23,1804.0000000000002,3036273333.3333335
2013-11-24,1803.23999,3017406666.6666665
2013-11-25,1802.47998,2998540000.0
2013-11-26,1802.75,3427120000.0
2013-11-27,1807.22998,2613590000.0
2013-11-28,1806.5200195,2105945000.0
2013-11-29,1805.810059,1598300000.0
2013-11-30,1804.1733806666666,2097343333.3333333
2013-12-01,1802.536702333333,2596386666.6666665
2013-12-02,1800.9000239999998,3095430000.0
2013-12-03,1795.1500239999998,3475680000.0
2013-12-04,1792.810059,3610540000.0
2013-12-05,1785.030029,3336880000.0
2013-12-06,1805.089966,3150030000.0
2013-12-07,1806.183309,3143186666.6666665
2013-12-08,1807.276652,3136343333.3333335
2013-12-09,1808.369995,3129500000.0
2013-12-10,1802.619995,3117150000.0
2013-12-11,1782.219971,3472240000.0
2013-12-12,1775.5,3306640000.0
2013-12-13,1775.319946,3061070000.0
2013-12-14,1779.0599770000001,3110676666.6666665
2013-12-15,1782.800008,3160283333.3333335
2013-12-16,1786.540039,3209890000.0
2013-12-17,1781.0,3270030000.0
2013-12-18,1810.6500239999998,4327770000.0
2013-12-19,1809.5999760000002,3497210000.0
2013-12-20,1818.319946,5097700000.0
2013-12-21,1821.543294,4348980000.0
2013-12-22,1824.7666419999998,3600260000.0
2013-12-23,1827.9899899999998,2851540000.0
2013-12-24,1833.319946,1307630000.0
2013-12-25,1837.669983,1644950000.0
2013-12-26,1842.02002,1982270000.0
2013-12-27,1841.4000239999998,2052920000.0
2013-12-28,1841.289998,2133233333.3333333
2013-12-29,1841.179972,2213546666.6666665
2013-12-30,1841.069946,2293860000.0
2013-12-31,1848.359985,2312840000.0
2014-01-01,1840.1699825,2696720000.0
2014-01-02,1831.97998,3080600000.0
2014-01-03,1831.369995,2774270000.0
2014-01-04,1829.83667,2947796666.6666665
2014-01-05,1828.303345,3121323333.3333335
2014-01-06,1826.77002,3294850000.0
2014-01-07,1837.880005,3511750000.0
2014-01-08,1837.4899899999998,3652140000.0
2014-01-09,1838.130005,3581150000.0
2014-01-10,1842.369995,3335710000.0
2014-01-11,1834.646647,3420923333.3333335
2014-01-12,1826.923299,3506136666.6666665
2014-01-13,1819.199951,3591350000.0
2014-01-14,1838.880005,3353270000.0
2014-01-15,1848.380005,3777800000.0
2014-01-16,1845.890015,3491310000.0
2014-01-17,1838.699951,3626120000.0
2014-01-18,1839.9749755,3665207500.0
2014-01-19,1841.25,3704295000.0
2014-01-20,1842.5250245,3743382500.0
2014-01-21,1843.800049,3782470000.0
2014-01-22,1844.859985,3374170000.0
2014-01-23,1828.459961,3972250000.0
2014-01-24,1790.290039,4618450000.0
2014-01-25,1787.3800456666665,4427366666.666667
2014-01-26,1784.4700523333333,4236283333.3333335
2014-01-27,1781.560059,4045200000.0
2014-01-28,1792.5,3437830000.0
2014-01-29,1774.199951,3964020000.0
2014-01-30,1794.189941,3547510000.0
2014-01-31,1782.589966,4059690000.0
2014-02-01,1769.0233156666666,4281806666.6666665
2014-02-02,1755.4566653333334,4503923333.333333
2014-02-03,1741.890015,4726040000.0
2014-02-04,1755.199951,4068410000.0
2014-02-05,1751.640015,3984290000.0
2014-02-06,1773.430054,3825410000.0
2014-02-07,1797.02002,3775990000.0
2014-02-08,1797.960002,3621380000.0
2014-02-09,1798.899984,3466770000.0
2014-02-10,1799.839966,3312160000.0
2014-02-11,1819.75,3699380000.0
2014-02-12,1819.2600100000002,3326380000.0
2014-02-13,1829.8299559999998,3289510000.0
2014-02-14,1838.630005,3114750000.0
2014-02-15,1839.16250625,3191340000.0
2014-02-16,1839.6950075,3267930000.0
2014-02-17,1840.2275087500002,3344520000.0
2014-02-18,1840.7600100000002,3421110000.0
2014-02-19,1828.75,3661570000.0
2014-02-20,1839.780029,3404980000.0
2014-02-21,1836.25,3403880000.0
2014-02-22,1840.0366616666668,3607430000.0
2014-02-23,1843.8233233333333,3810980000.0
2014-02-24,1847.609985,4014530000.0
2014-02-25,1845.119995,3515560000.0
2014-02-26,1845.160034,3716730000.0
2014-02-27,1854.290039,3547460000.0
2014-02-28,1859.449951,3917450000.0
2014-03-01,1854.8766273333333,3754373333.3333335
2014-03-02,1850.3033036666668,3591296666.6666665
2014-03-03,1845.72998,3428220000.0
2014-03-04,1873.910034,3765770000.0
2014-03-05,1873.810059,3392990000.0
2014-03-06,1877.030029,3360450000.0
2014-03-07,1878.040039,3564740000.0
2014-03-08,1877.7500406666668,3383610000.0
2014-03-09,1877.4600423333334,3202480000.0
2014-03-10,1877.1700440000002,3021350000.0
2014-03-11,1867.630005,3392400000.0
2014-03-12,1868.199951,3270860000.0
2014-03-13,1846.339966,3670990000.0
2014-03-14,1841.130005,3285460000.0
2014-03-15,1847.0299886666667,3143803333.3333335
2014-03-16,1852.9299723333331,3002146666.6666665
2014-03-17,1858.8299559999998,2860490000.0
2014-03-18,1872.25,2930190000.0
2014-03-19,1860.77002,3289210000.0
2014-03-20,1872.0100100000002,3327540000.0
2014-03-21,1866.52002,5270710000.0
2014-03-22,1863.493327,4650140000.0
2014-03-23,1860.466634,4029570000.0
2014-03-24,1857.439941,3409000000.0
2014-03-25,1865.619995,3200560000.0
2014-03-26,1852.560059,3480850000.0
2014-03-27,1849.040039,3733430000.0
2014-03-28,1857.619995,2955520000.0
2014-03-29,1862.526652,3061780000.0
2014-03-30,1867.433309,3168040000.0
2014-03-31,1872.339966,3274300000.0
2014-04-01,1885.52002,3336190000.0
2014-04-02,1890.9000239999998,3131660000.0
2014-04-03,1888.77002,3055600000.0
2014-04-04,1865.089966,3583750000.0
2014-04-05,1858.406657,3656346666.6666665
2014-04-06,1851.723348,3728943333.3333335
2014-04-07,1845.040039,3801540000.0
2014-04-08,1851.959961,3721450000.0
2014-04-09,1872.180054,3308650000.0
2014-04-10,1833.0799559999998,3758780000.0
2014-04-11,1815.689941,3743460000.0
2014-04-12,1820.663289,3532820000.0
2014-04-13,1825.636637,3322180000.0
2014-04-14,1830.609985,3111540000.0
2014-04-15,1842.97998,3736440000.0
2014-04-16,1862.310059,3155080000.0
2014-04-17,1864.8499760000002,3341430000.0
2014-04-18,1866.60998575,3166697500.0
2014-04-19,1868.3699955000002,2991965000.0
2014-04-20,1870.13000525,2817232500.0
2014-04-21,1871.890015,2642500000.0
2014-04-22,1879.550049,3215440000.0
2014-04-23,1875.390015,3085720000.0
2014-04-24,1878.609985,3191830000.0
2014-04-25,1863.4000239999998,3213020000.0
2014-04-26,1865.4100339999998,3486906666.6666665
2014-04-27,1867.420044,3760793333.3333335
2014-04-28,1869.430054,4034680000.0
2014-04-29,1878.3299559999998,3647820000.0
2014-04-30,1883.949951,3779230000.0
2014-05-01,1883.680054,3416740000.0
2014-05-02,1881.140015,3159560000.0
2014-05-03,1882.3133546666666,3017616666.6666665
2014-05-04,1883.4866943333334,2875673333.3333335
2014-05-05,1884.660034,2733730000.0
2014-05-06,1867.719971,3327260000.0
2014-05-07,1878.209961,3632950000.0
2014-05-08,1875.630005,3393420000.0
2014-05-09,1878.47998,3025020000.0
2014-05-10,1884.5366613333333,3018593333.3333335
2014-05-11,1890.5933426666666,3012166666.6666665
2014-05-12,1896.6500239999998,3005740000.0
2014-05-13,1897.449951,2915680000.0
2014-05-14,1888.530029,2822060000.0
2014-05-15,1870.8499760000002,3552640000.0
2014-05-16,1877.859985,3173650000.0
2014-05-17,1880.266642,3003850000.0
2014-05-18,1882.6732989999998,2834050000.0
2014-05-19,1885.0799559999998,2664250000.0
2014-05-20,1872.8299559999998,3007700000.0
2014-05-21,1888.030029,2777140000.0
2014-05-22,1892.4899899999998,2759800000.0
2014-05-23,1900.530029,2396280000.0
2014-05-24,1903.37503025,2524965000.0
2014-05-25,1906.2200315,2653650000.0
2014-05-26,1909.06503275,2782335000.0
2014-05-27,1911.910034,2911020000.0
2014-05-28,1909.780029,2976450000.0
2014-05-29,1920.030029,2709050000.0
2014-05-30,1923.569946,3263490000.0
2014-05-31,1924.036621,3012000000.0
2014-06-01,1924.503296,2760510000.0
2014-06-02,1924.969971,2509020000.0
2014-06-03,1924.2399899999998,2867180000.0
2014-06-04,1927.880005,2793920000.0
2014-06-05,1940.459961,3113270000.0
2014-06-06,1949.439941,2864300000.0
2014-06-07,1950.0499673333334,2846926666.6666665
2014-06-08,1950.6599936666667,2829553333.3333335
2014-06-09,1951.27002,2812180000.0
2014-06-10,1950.790039,2702360000.0
2014-06-11,1943.890015,2710620000.0
2014-06-12,1930.109985,3040480000.0
2014-06-13,1936.160034,2598230000.0
2014-06-14,1936.7000323333334,2707530000.0
2014-06-15,1937.2400306666666,2816830000.0
2014-06-16,1937.780029,2926130000.0
2014-06-17,1941.9899899999998,2971260000.0
2014-06-18,1956.97998,3065220000.0
2014-06-19,1959.47998,2952150000.0
2014-06-20,1962.869995,4336240000.0
2014-06-21,1962.783325,3796703333.3333335
2014-06-22,1962.696655,3257166666.666667
2014-06-23,1962.609985,2717630000.0
2014-06-24,1949.97998,3089700000.0
2014-06-25,1959.530029,3106710000.0
2014-06-26,1957.219971,2778840000.0
2014-06-27,1960.959961,4290590000.0
2014-06-28,1960.716634,3872843333.3333335
2014-06-29,1960.473307,3455096666.6666665
2014-06-30,1960.22998,3037350000.0
2014-07-01,1973.319946,3188240000.0
2014-07-02,1974.619995,2851480000.0
2014-07-03,1985.439941,1998090000.0
2014-07-04,1983.49246175,2168882500.0
2014-07-05,1981.5449825,2339675000.0
2014-07-06,1979.5975032499998,2510467500.0
2014-07-07,1977.6500239999998,2681260000.0
2014-07-08,1963.709961,3302430000.0
2014-07-09,1972.8299559999998,2858800000.0
2014-07-10,1964.680054,3165690000.0
2014-07-11,1967.569946,2684630000.0
2014-07-12,1970.7466226666668,2704726666.6666665
2014-07-13,1973.9232993333335,2724823333.3333335
2014-07-14,1977.0999760000002,2744920000.0
2014-07-15,1973.280029,3328740000.0
2014-07-16,1981.569946,3390950000.0
2014-07-17,1958.119995,3381680000.0
2014-07-18,1978.219971,3106060000.0
2014-07-19,1976.6899823333333,2941093333.3333335
2014-07-20,1975.1599936666667,2776126666.6666665
2014-07-21,1973.630005,2611160000.0
2014-07-22,1983.530029,2890480000.0
2014-07-23,1987.0100100000002,2869720000.0
2014-07-24,1987.97998,3203530000.0
2014-07-25,1978.339966,2638960000.0
2014-07-26,1978.5299886666667,2693746666.6666665
2014-07-27,1978.7200113333333,2748533333.3333335
2014-07-28,1978.910034,2803320000.0
2014-07-29,1969.949951,3183300000.0
2014-07-30,1970.069946,3448250000.0
2014-07-31,1930.6700440000002,4193000000.0
2014-08-01,1925.1500239999998,3789660000.0
2014-08-02,1929.7633459999997,3550746666.6666665
2014-08-03,1934.3766679999999,3311833333.3333335
2014-08-04,1938.9899899999998,3072920000.0
2014-08-05,1920.209961,3462520000.0
2014-08-06,1920.2399899999998,3539150000.0
2014-08-07,1909.569946,3230520000.0
2014-08-08,1931.589966,2902280000.0
2014-08-09,1933.3666586666668,2863150000.0
2014-08-10,1935.1433513333334,2824020000.0
2014-08-11,1936.9200440000002,2784890000.0
2014-08-12,1933.75,2611700000.0
2014-08-13,1946.719971,2718020000.0
2014-08-14,1955.180054,2609460000.0
2014-08-15,1955.060059,3023380000.0
2014-08-16,1960.6200359999998,2894973333.3333335
2014-08-17,1966.180013,2766566666.6666665
2014-08-18,1971.7399899999998,2638160000.0
2014-08-19,1981.5999760000002,2656430000.0
2014-08-20,1986.5100100000002,2579560000.0
2014-08-21,1992.369995,2638920000.0
2014-08-22,1988.4000239999998,2301860000.0
2014-08-23,1991.5733639999999,2279200000.0
2014-08-24,1994.7467040000001,2256540000.0
2014-08-25,1997.9200440000002,2233880000.0
2014-08-26,2000.02002,2451950000.0
2014-08-27,2000.119995,2344350000.0
2014-08-28,1996.7399899999998,2282400000.0
2014-08-29,2003.369995,2259130000.0
2014-08-30,2003.0975035000001,2399342500.0
2014-08-31,2002.825012,2539555000.0
2014-09-01,2002.5525205,2679767500.0
2014-09-02,2002.280029,2819980000.0
2014-09-03,2000.719971,2809980000.0
2014-09-04,1997.6500239999998,3072410000.0
2014-09-05,2007.709961,2818300000.0
2014-09-06,2005.6533203333333,2808563333.3333335
2014-09-07,2003.5966796666667,2798826666.6666665
2014-09-08,2001.540039,2789090000.0
2014-09-09,1988.439941,2882830000.0
2014-09-10,1995.689941,2912430000.0
2014-09-11,1997.449951,2941690000.0
2014-09-12,1985.540039,3206570000.0
2014-09-13,1985.0700276666666,3063223333.3333335
2014-09-14,1984.6000163333333,2919876666.6666665
2014-09-15,1984.130005,2776530000.0
2014-09-16,1998.97998,3160310000.0
2014-09-17,2001.569946,3209420000.0
2014-09-18,2011.359985,3235340000.0
2014-09-19,2010.4000239999998,4880220000.0
2014-09-20,2005.0300289999998,4370036666.666667
2014-09-21,1999.660034,3859853333.3333335
2014-09-22,1994.290039,3349670000.0
2014-09-23,1982.77002,3279350000.0
2014-09-24,1998.300049,3313850000.0
2014-09-25,1965.9899899999998,3273050000.0
2014-09-26,1982.8499760000002,2929440000.0
2014-09-27,1981.1666670000002,2984440000.0
2014-09-28,1979.483358,3039440000.0
2014-09-29,1977.800049,3094440000.0
2014-09-30,1972.290039,3951100000.0
2014-10-01,1946.160034,4188590000.0
2014-10-02,1946.1700440000002,4012510000.0
2014-10-03,1967.9000239999998,3560970000.0
2014-10-04,1966.8733313333332,3493386666.6666665
2014-10-05,1965.8466386666666,3425803333.3333335
2014-10-06,1964.819946,3358220000.0
2014-10-07,1935.0999760000002,3687870000.0
2014-10-08,1968.890015,4441890000.0
2014-10-09,1928.209961,4344020000.0
2014-10-10,1906.130005,4550540000.0
2014-10-11,1895.6666666666665,4484553333.333333
2014-10-12,1885.2033283333333,4418566666.666667
2014-10-13,1874.7399899999998,4352580000.0
2014-10-14,1877.699951,4812010000.0
2014-10-15,1862.4899899999998,6090800000.0
2014-10-16,1862.7600100000002,5073150000.0
2014-10-17,1886.7600100000002,4482120000.0
2014-10-18,1892.5100100000002,4098483333.3333335
2014-10-19,1898.2600100000002,3714846666.6666665
2014-10-20,1904.0100100000002,3331210000.0
2014-10-21,1941.280029,3987090000.0
2014-10-22,1927.109985,3761930000.0
2014-10-23,1950.819946,3789250000.0
2014-10-24,1964.5799559999998,3078380000.0
2014-10-25,1963.5966389999999,3231873333.3333335
2014-10-26,1962.613322,3385366666.6666665
2014-10-27,1961.630005,3538860000.0
2014-10-28,1985.050049,3653260000.0
2014-10-29,1982.300049,3740350000.0
2014-10-30,1994.6500239999998,3586150000.0
2014-10-31,2018.050049,4292290000.0
2014-11-01,2017.9700523333333,4046673333.3333335
2014-11-02,2017.8900556666665,3801056666.6666665
2014-11-03,2017.810059,3555440000.0
2014-11-04,2012.0999760000002,3956260000.0
2014-11-05,2023.569946,3766590000.0
2014-11-06,2031.209961,3669770000.0
2014-11-07,2031.9200440000002,3704280000.0
2014-11-08,2034.0333660000001,3564500000.0
2014-11-09,2036.1466880000003,3424720000.0
2014-11-10,2038.2600100000002,3284940000.0
2014-11-11,2039.680054,2958320000.0
2014-11-12,2038.25,3246650000.0
2014-11-13,2039.3299559999998,3455270000.0
2014-11-14,2039.819946,3227130000.0
2014-11-15,2040.319946,3202383333.3333335
2014-11-16,2040.819946,3177636666.6666665
2014-11-17,2041.319946,3152890000.0
2014-11-18,2051.800049,3416190000.0
2014-11-19,2048.719971,3390850000.0
2014-11-20,2052.75,3128290000.0
2014-11-21,2063.5,3916420000.0
2014-11-22,2065.4699706666665,3653633333.3333335
2014-11-23,2067.4399413333335,3390846666.6666665
2014-11-24,2069.409912,3128060000.0
2014-11-25,2067.030029,3392940000.0
2014-11-26,2072.830078,2745260000.0
2014-11-27,2070.1950685,2624950000.0
2014-11-28,2067.560059,2504640000.0
2014-11-29,2062.853353,3056096666.6666665
2014-11-30,2058.146647,3607553333.333333
2014-12-01,2053.439941,4159010000.0
2014-12-02,2066.550049,3686650000.0
2014-12-03,2074.330078,3612680000.0
2014-12-04,2071.919922,3408340000.0
2014-12-05,2075.3701170000004,3419620000.0
2014-12-06,2070.350097666667,3546743333.3333335
2014-12-07,2065.3300783333334,3673866666.6666665
2014-12-08,2060.310059,3800990000.0
2014-12-09,2059.820068,3970150000.0
2014-12-10,2026.140015,4114440000.0
2014-12-11,2035.3299559999998,3917950000.0
2014-12-12,2002.3299559999998,4157650000.0
2014-12-13,1998.0966389999999,4225763333.3333335
2014-12-14,1993.863322,4293876666.6666665
2014-12-15,1989.630005,4361990000.0
2014-12-16,1972.7399899999998,4958680000.0
2014-12-17,2012.890015,4942370000.0
2014-12-18,2061.22998,4703380000.0
2014-12-19,2070.649902,6465530000.0
2014-12-20,2073.279947666667,5433526666.666667
2014-12-21,2075.909993333333,4401523333.333333
2014-12-22,2078.540039,3369520000.0
2014-12-23,2082.169922,3043950000.0
2014-12-24,2081.8798829999996,1416980000.0
2014-12-25,2085.3249514999998,1576105000.0
2014-12-26,2088.77002,1735230000.0
2014-12-27,2089.370036,1974273333.3333333
2014-12-28,2089.970052,2213316666.6666665
2014-12-29,2090.570068,2452360000.0
2014-12-30,2080.350098,2440280000.0
2014-12-31,2058.899902,2606070000.0
2015-01-01,2058.5499265,2657385000.0
2015-01-02,2058.199951,2708700000.0
2015-01-03,2045.6599526666666,3072173333.3333335
2015-01-04,2033.1199543333332,3435646666.6666665
2015-01-05,2020.5799559999998,3799120000.0
2015-01-06,2002.609985,4460110000.0
2015-01-07,2025.9000239999998,3805480000.0
2015-01-08,2062.139893,3934010000.0
2015-01-09,2044.810059,3364140000.0
2015-01-10,2039.293376,3394913333.3333335
2015-01-11,2033.776693,3425686666.6666665
2015-01-12,2028.2600100000002,3456460000.0
2015-01-13,2023.030029,4107300000.0
2015-01-14,2011.27002,4378680000.0
2015-01-15,1992.6700440000002,4276720000.0
2015-01-16,2019.4200440000002,4056410000.0
2015-01-17,2020.2025452500002,4028392500.0
2015-01-18,2020.9850465,4000375000.0
2015-01-19,2021.76754775,3972357500.0
2015-01-20,2022.550049,3944340000.0
2015-01-21,2032.119995,3730070000.0
2015-01-22,2063.149902,4176050000.0
2015-01-23,2051.820068,3573560000.0
2015-01-24,2053.5767413333333,3537626666.6666665
2015-01-25,2055.3334146666666,3501693333.3333335
2015-01-26,2057.090088,3465760000.0
2015-01-27,2029.550049,3329810000.0
2015-01-28,2002.160034,4067530000.0
2015-01-29,2021.25,4127140000.0
2015-01-30,1994.9899899999998,4568650000.0
2015-01-31,2003.6099853333333,4381876666.666667
2015-02-01,2012.2299806666667,4195103333.3333335
2015-02-02,2020.8499760000002,4008330000.0
2015-02-03,2050.030029,4615900000.0
2015-02-04,2041.5100100000002,4141920000.0
2015-02-05,2062.52002,3821990000.0
2015-02-06,2055.469971,4232970000.0
2015-02-07,2052.5599773333333,4005160000.0
2015-02-08,2049.6499836666667,3777350000.0
2015-02-09,2046.7399899999998,3549540000.0
2015-02-10,2068.590088,3669850000.0
2015-02-11,2068.530029,3596860000.0
2015-02-12,2088.47998,3788350000.0
2015-02-13,2096.98999,3527450000.0
2015-02-14,2097.8275145,3486025000.0
2015-02-15,2098.665039,3444600000.0
2015-02-16,2099.5025635,3403175000.0
2015-02-17,2100.340088,3361750000.0
2015-02-18,2099.679932,3370020000.0
2015-02-19,2097.449951,3247100000.0
2015-02-20,2110.300049,3281600000.0
2015-02-21,2110.08667,3218960000.0
2015-02-22,2109.873291,3156320000.0
2015-02-23,2109.659912,3093680000.0
2015-02-24,2115.47998,3199840000.0
2015-02-25,2113.860107,3312340000.0
2015-02-26,2110.73999,3408690000.0
2015-02-27,2104.5,3547380000.0
2015-02-28,2108.796631,3501416666.6666665
2015-03-01,2113.093262,3455453333.3333335
2015-03-02,2117.389893,3409490000.0
2015-03-03,2107.780029,3262300000.0
2015-03-04,2098.530029,3421110000.0
2015-03-05,2101.040039,3103030000.0
2015-03-06,2071.26001,3853570000.0
2015-03-07,2073.983317333333,3685410000.0
2015-03-08,2076.706624666667,3517250000.0
2015-03-09,2079.429932,3349090000.0
2015-03-10,2044.160034,3668900000.0
2015-03-11,2040.2399899999998,3406570000.0
2015-03-12,2065.949951,3405860000.0
2015-03-13,2053.399902,3498560000.0
2015-03-14,2062.6632483333333,3430906666.6666665
2015-03-15,2071.926594666667,3363253333.3333335
2015-03-16,2081.189941,3295600000.0
2015-03-17,2074.280029,3221840000.0
2015-03-18,2099.5,4128210000.0
2015-03-19,2089.27002,3305220000.0
2015-03-20,2108.100098,5554120000.0
2015-03-21,2106.8733726666665,4792066666.666667
2015-03-22,2105.6466473333335,4030013333.333333
2015-03-23,2104.419922,3267960000.0
2015-03-24,2091.5,3189820000.0
2015-03-25,2061.050049,3521140000.0
2015-03-26,2056.149902,3510670000.0
2015-03-27,2061.02002,3008550000.0
2015-03-28,2069.4266766666665,2978263333.3333335
2015-03-29,2077.8333333333335,2947976666.6666665
2015-03-30,2086.23999,2917690000.0
2015-03-31,2067.889893,3376550000.0
2015-04-01,2059.689941,3543270000.0
2015-04-02,2066.959961,3095960000.0
2015-04-03,2070.375,3147712500.0
2015-04-04,2073.7900390000004,3199465000.0
2015-04-05,2077.2050780000004,3251217500.0
2015-04-06,2080.6201170000004,3302970000.0
2015-04-07,2076.330078,3065510000.0
2015-04-08,2081.899902,3265330000.0
2015-04-09,2091.179932,3172360000.0
2015-04-10,2102.060059,3156200000.0
2015-04-11,2098.8500166666668,3073606666.6666665
2015-04-12,2095.639974333333,2991013333.3333335
2015-04-13,2092.429932,2908420000.0
2015-04-14,2095.840088,3301270000.0
2015-04-15,2106.6298829999996,4013760000.0
2015-04-16,2104.98999,3434120000.0
2015-04-17,2081.179932,3627600000.0
2015-04-18,2087.5865886666666,3418453333.3333335
2015-04-19,2093.9932453333336,3209306666.6666665
2015-04-20,2100.399902,3000160000.0
2015-04-21,2097.290039,3243410000.0
2015-04-22,2107.959961,3348480000.0
2015-04-23,2112.929932,3636670000.0
2015-04-24,2117.689941,3375780000.0
2015-04-25,2114.7666013333333,3396770000.0
2015-04-26,2111.843261666667,3417760000.0
2015-04-27,2108.919922,3438750000.0
2015-04-28,2114.76001,3546270000.0
2015-04-29,2106.850098,4074970000.0
2015-04-30,2085.51001,4509680000.0
2015-05-01,2108.290039,3379390000.0
2015-05-02,2110.356689333333,3283453333.3333335
2015-05-03,2112.423339666667,3187516666.6666665
2015-05-04,2114.48999,3091580000.0
2015-05-05,2089.459961,3793950000.0
2015-05-06,2080.149902,3792210000.0
2015-05-07,2088.0,3676640000.0
2015-05-08,2116.100098,3399440000.0
2015-05-09,2112.510091333333,3263850000.0
2015-05-10,2108.9200846666668,3128260000.0
2015-05-11,2105.330078,2992670000.0
2015-05-12,2099.1201170000004,3139520000.0
2015-05-13,2098.47998,3374260000.0
2015-05-14,2121.100098,3225740000.0
2015-05-15,2122.72998,3092080000.0
2015-05-16,2124.886637,3024116666.6666665
2015-05-17,2127.043294,2956153333.3333335
2015-05-18,2129.199951,2888190000.0
2015-05-19,2127.830078,3296030000.0
2015-05-20,2125.850098,3025880000.0
2015-05-21,2130.820068,3070460000.0
2015-05-22,2126.060059,2571860000.0
2015-05-23,2120.595032,2764427500.0
2015-05-24,2115.130005,2956995000.0
2015-05-25,2109.664978,3149562500.0
2015-05-26,2104.199951,3342130000.0
2015-05-27,2123.47998,3127960000.0
2015-05-28,2120.790039,2980350000.0
2015-05-29,2107.389893,3927390000.0
2015-05-30,2108.8365886666666,3622163333.3333335
2015-05-31,2110.2832843333335,3316936666.6666665
2015-06-01,2111.72998,3011710000.0
2015-06-02,2109.600098,3049350000.0
2015-06-03,2114.070068,3099980000.0
2015-06-04,2095.840088,3200050000.0
2015-06-05,2092.830078,3243690000.0
2015-06-06,2088.313395,3134843333.3333335
2015-06-07,2083.796712,3025996666.6666665
2015-06-08,2079.280029,2917150000.0
2015-06-09,2080.149902,3034580000.0
2015-06-10,2105.199951,3414320000.0
2015-06-11,2108.860107,3128600000.0
2015-06-12,2094.110107,2719400000.0
2015-06-13,2090.883382,2833456666.6666665
2015-06-14,2087.656657,2947513333.3333335
2015-06-15,2084.429932,3061570000.0
2015-06-16,2096.290039,2919900000.0
2015-06-17,2100.439941,3222240000.0
2015-06-18,2121.23999,3520360000.0
2015-06-19,2109.98999,4449810000.0
2015-06-20,2114.276692666667,3976546666.6666665
2015-06-21,2118.563395333333,3503283333.3333335
2015-06-22,2122.850098,3030020000.0
2015-06-23,2124.199951,3091190000.0
2015-06-24,2108.580078,3102480000.0
2015-06-25,2102.310059,3214610000.0
2015-06-26,2101.48999,5025470000.0
2015-06-27,2086.873291,4576633333.333333
2015-06-28,2072.256592,4127796666.6666665
2015-06-29,2057.639893,3678960000.0
2015-06-30,2063.110107,4078540000.0
2015-07-01,2077.419922,3727260000.0
2015-07-02,2076.780029,2996540000.0
2015-07-03,2074.77502425,3118995000.0
2015-07-04,2072.7700194999998,3241450000.0
2015-07-05,2070.76501475,3363905000.0
2015-07-06,2068.76001,3486360000.0
2015-07-07,2081.340088,4458660000.0
2015-07-08,2046.680054,3608780000.0
2015-07-09,2051.310059,3446810000.0
2015-07-10,2076.6201170000004,3065070000.0
2015-07-11,2084.280110666667,3075623333.3333335
2015-07-12,2091.9401043333332,3086176666.6666665
2015-07-13,2099.600098,3096730000.0
2015-07-14,2108.949951,3002120000.0
2015-07-15,2107.399902,3261810000.0
2015-07-16,2124.290039,3227080000.0
2015-07-17,2126.639893,3362750000.0
2015-07-18,2127.186605,3323790000.0
2015-07-19,2127.733317,3284830000.0
2015-07-20,2128.280029,3245870000.0
2015-07-21,2119.209961,3343690000.0
2015-07-22,2114.149902,3694070000.0
2015-07-23,2102.149902,3772810000.0
2015-07-24,2079.649902,3870040000.0
2015-07-25,2075.646565666667,3858943333.3333335
2015-07-26,2071.6432293333332,3847846666.6666665
2015-07-27,2067.639893,3836750000.0
2015-07-28,2093.25,4117740000.0
2015-07-29,2108.570068,4038900000.0
2015-07-30,2108.6298829999996,3579410000.0
2015-07-31,2103.840088,3681340000.0
2015-08-01,2101.906738333333,3613150000.0
2015-08-02,2099.973388666667,3544960000.0
2015-08-03,2098.040039,3476770000.0
2015-08-04,2093.320068,3546710000.0
2015-08-05,2099.840088,3968680000.0
2015-08-06,2083.560059,4246570000.0
2015-08-07,2077.570068,3602320000.0
2015-08-08,2086.4400226666667,3573033333.3333335
2015-08-09,2095.3099773333333,3543746666.6666665
2015-08-10,2104.179932,3514460000.0
2015-08-11,2084.070068,3708880000.0
2015-08-12,2086.050049,4269130000.0
2015-08-13,2083.389893,3221300000.0
2015-08-14,2091.540039,2795590000.0
2015-08-15,2095.173339666667,2819623333.3333335
2015-08-16,2098.8066403333332,2843656666.6666665
2015-08-17,2102.439941,2867690000.0
2015-08-18,2096.919922,2949990000.0
2015-08-19,2079.610107,3512920000.0
2015-08-20,2035.72998,3922470000.0
2015-08-21,1970.890015,5018240000.0
2015-08-22,1944.9966636666666,5549723333.333333
2015-08-23,1919.1033123333334,6081206666.666667
2015-08-24,1893.209961,6612690000.0
2015-08-25,1867.609985,5183560000.0
2015-08-26,1940.5100100000002,5338250000.0
2015-08-27,1987.660034,5006390000.0
2015-08-28,1988.869995,3949080000.0
2015-08-29,1983.3066813333332,3937753333.3333335
2015-08-30,1977.7433676666667,3926426666.6666665
2015-08-31,1972.180054,3915100000.0
2015-09-01,1913.8499760000002,4371850000.0
2015-09-02,1948.859985,3742620000.0
2015-09-03,1951.130005,3520700000.0
2015-09-04,1921.219971,3167090000.0
2015-09-05,1933.26748675,3262480000.0
2015-09-06,1945.3150025,3357870000.0
2015-09-07,1957.36251825,3453260000.0
2015-09-08,1969.410034,3548650000.0
2015-09-09,1942.040039,3652120000.0
2015-09-10,1952.290039,3626320000.0
2015-09-11,1961.050049,3218590000.0
2015-09-12,1958.376709,3145793333.3333335
2015-09-13,1955.703369,3072996666.6666665
2015-09-14,1953.030029,3000200000.0
2015-09-15,1978.089966,3239860000.0
2015-09-16,1995.310059,3630680000.0
2015-09-17,1990.199951,4183790000.0
2015-09-18,1958.030029,6021240000.0
2015-09-19,1961.0100096666667,5103943333.333333
2015-09-20,1963.9899903333333,4186646666.666667
2015-09-21,1966.969971,3269350000.0
2015-09-22,1942.7399899999998,3808260000.0
2015-09-23,1938.7600100000002,3190530000.0
2015-09-24,1932.2399899999998,4091530000.0
2015-09-25,1931.339966,3721870000.0
2015-09-26,1914.8166506666666,3923466666.6666665
2015-09-27,1898.2933353333333,4125063333.3333335
2015-09-28,1881.77002,4326660000.0
2015-09-29,1884.089966,4132390000.0
2015-09-30,1920.030029,4525070000.0
2015-10-01,1923.819946,3983600000.0
2015-10-02,1951.359985,4378570000.0
2015-10-03,1963.256673,4363876666.666667
2015-10-04,1975.153361,4349183333.333333
2015-10-05,1987.050049,4334490000.0
2015-10-06,1979.9200440000002,4202400000.0
2015-10-07,1995.8299559999998,4666470000.0
2015-10-08,2013.430054,3939140000.0
2015-10-09,2014.890015,3706900000.0
2015-10-10,2015.7466636666666,3435683333.3333335
2015-10-11,2016.6033123333334,3164466666.6666665
2015-10-12,2017.459961,2893250000.0
2015-10-13,2003.689941,3401920000.0
2015-10-14,1994.2399899999998,3644590000.0
2015-10-15,2023.859985,3746290000.0
2015-10-16,2033.109985,3595430000.0
2015-10-17,2033.2933346666666,3492726666.6666665
2015-10-18,2033.4766843333334,3390023333.3333335
2015-10-19,2033.660034,3287320000.0
2015-10-20,2030.77002,3331500000.0
2015-10-21,2018.939941,3627790000.0
2015-10-22,2052.51001,4430850000.0
2015-10-23,2075.149902,4108460000.0
2015-10-24,2073.8265786666666,3867573333.3333335
2015-10-25,2072.5032553333335,3626686666.6666665
2015-10-26,2071.179932,3385800000.0
2015-10-27,2065.889893,4216880000.0
2015-10-28,2090.350098,4698110000.0
2015-10-29,2089.409912,4008940000.0
2015-10-30,2079.360107,4256200000.0
2015-10-31,2087.5900876666665,4090806666.6666665
2015-11-01,2095.8200683333334,3925413333.3333335
2015-11-02,2104.050049,3760020000.0
2015-11-03,2109.790039,4272060000.0
2015-11-04,2102.310059,4078870000.0
2015-11-05,2099.929932,4051890000.0
2015-11-06,2099.199951,4369020000.0
2015-11-07,2092.32666,4206796666.6666665
2015-11-08,2085.453369,4044573333.3333335
2015-11-09,2078.580078,3882350000.0
2015-11-10,2081.719971,3821440000.0
2015-11-11,2075.0,3692410000.0
2015-11-12,2045.969971,4016370000.0
2015-11-13,2023.040039,4278750000.0
2015-11-14,2033.0900063333333,4099580000.0
2015-11-15,2043.1399736666667,3920410000.0
2015-11-16,2053.189941,3741240000.0
2015-11-17,2050.439941,4427350000.0
2015-11-18,2083.580078,3926390000.0
2015-11-19,2081.23999,3628110000.0
2015-11-20,2089.169922,3929600000.0
2015-11-21,2088.3099773333333,3815726666.6666665
2015-11-22,2087.4500326666666,3701853333.3333335
2015-11-23,2086.590088,3587980000.0
2015-11-24,2089.139893,3884930000.0
2015-11-25,2088.8701170000004,2852940000.0
2015-11-26,2089.4901120000004,2159890000.0
2015-11-27,2090.110107,1466840000.0
2015-11-28,2086.8767086666667,2402903333.3333335
2015-11-29,2083.6433103333334,3338966666.666667
2015-11-30,2080.409912,4275030000.0
2015-12-01,2102.6298829999996,3712120000.0
2015-12-02,2079.51001,3950640000.0
2015-12-03,2049.6201170000004,4306490000.0
2015-12-04,2091.689941,4214910000.0
2015-12-05,2086.81665,4157880000.0
2015-12-06,2081.943359,4100850000.0
2015-12-07,2077.070068,4043820000.0
2015-12-08,2063.590088,4173570000.0
2015-12-09,2047.619995,4385250000.0
2015-12-10,2052.22998,3715150000.0
2015-12-11,2012.369995,4301060000.0
2015-12-12,2015.5599770000001,4404853333.333333
2015-12-13,2018.749959,4508646666.666667
2015-12-14,2021.939941,4612440000.0
2015-12-15,2043.410034,4353540000.0
2015-12-16,2073.070068,4635450000.0
2015-12-17,2041.890015,4327390000.0
2015-12-18,2005.550049,6683070000.0
2015-12-19,2010.7500406666666,5708806666.666667
2015-12-20,2015.9500323333332,4734543333.333333
2015-12-21,2021.1500239999998,3760280000.0
2015-12-22,2038.969971,3520860000.0
2015-12-23,2064.290039,3484090000.0
2015-12-24,2060.98999,1411860000.0
2015-12-25,2059.8674925,1682022500.0
2015-12-26,2058.744995,1952185000.0
2015-12-27,2057.6224975,2222347500.0
2015-12-28,2056.5,2492510000.0
2015-12-29,2078.360107,2542000000.0
2015-12-30,2063.360107,2367430000.0
2015-12-31,2043.939941,2655330000.0
2016-01-01,2036.11996425,3067717500.0
2016-01-02,2028.2999875,3480105000.0
2016-01-03,2020.48001075,3892492500.0
2016-01-04,2012.660034,4304880000.0
2016-01-05,2016.709961,3706620000.0
2016-01-06,1990.2600100000002,4336660000.0
2016-01-07,1943.089966,5076590000.0
2016-01-08,1922.030029,4664940000.0
2016-01-09,1922.5767006666667,4645723333.333333
2016-01-10,1923.1233723333335,4626506666.666667
2016-01-11,1923.6700440000002,4607290000.0
2016-01-12,1938.680054,4887260000.0
2016-01-13,1890.280029,5087030000.0
2016-01-14,1921.839966,5241110000.0
2016-01-15,1880.3299559999998,5468460000.0
2016-01-16,1880.5799559999998,5333432500.0
2016-01-17,1880.8299559999998,5198405000.0
2016-01-18,1881.0799559999998,5063377500.0
2016-01-19,1881.3299559999998,4928350000.0
2016-01-20,1859.3299559999998,6416070000.0
2016-01-21,1868.9899899999998,5078810000.0
2016-01-22,1906.9000239999998,4901760000.0
2016-01-23,1896.9600013333331,4734966666.666667
2016-01-24,1887.0199786666665,4568173333.333333
2016-01-25,1877.0799559999998,4401380000.0
2016-01-26,1903.630005,4357940000.0
2016-01-27,1882.949951,4754040000.0
2016-01-28,1893.359985,4693010000.0
2016-01-29,1940.2399899999998,5497570000.0
2016-01-30,1939.9533283333333,5105890000.0
2016-01-31,1939.6666666666665,4714210000.0
2016-02-01,1939.380005,4322530000.0
2016-02-02,1903.030029,4463190000.0
2016-02-03,1912.530029,5172950000.0
2016-02-04,1915.449951,5193320000.0
2016-02-05,1880.050049,4929940000.0
2016-02-06,1871.180013,5165446666.666667
2016-02-07,1862.3099770000001,5400953333.333333
2016-02-08,1853.439941,5636460000.0
2016-02-09,1852.209961,5183220000.0
2016-02-10,1851.859985,4471170000.0
2016-02-11,1829.0799559999998,5500800000.0
2016-02-12,1864.780029,4696920000.0
2016-02-13,1872.48001075,4665357500.0
2016-02-14,1880.1799925,4633795000.0
2016-02-15,1887.8799742499998,4602232500.0
2016-02-16,1895.5799559999998,4570670000.0
2016-02-17,1926.819946,5011540000.0
2016-02-18,1917.8299559999998,4436490000.0
2016-02-19,1917.780029,4142850000.0
2016-02-20,1927.0200193333333,4113470000.0
2016-02-21,1936.2600096666667,4084090000.0
2016-02-22,1945.5,4054710000.0
2016-02-23,1921.27002,3890650000.0
2016-02-24,1929.800049,4317250000.0
2016-02-25,1951.699951,4118210000.0
2016-02-26,1948.050049,4348510000.0
2016-02-27,1942.7766926666666,4428400000.0
2016-02-28,1937.5033363333334,4508290000.0
2016-02-29,1932.22998,4588180000.0
2016-03-01,1978.3499760000002,4819750000.0
2016-03-02,1986.449951,4666610000.0
2016-03-03,1993.4000239999998,5081700000.0
2016-03-04,1999.9899899999998,6049930000.0
2016-03-05,2000.5799966666666,5689346666.666667
2016-03-06,2001.1700033333334,5328763333.333333
2016-03-07,2001.7600100000002,4968180000.0
2016-03-08,1979.2600100000002,4641650000.0
2016-03-09,1989.2600100000002,4038120000.0
2016-03-10,1989.569946,4376790000.0
2016-03-11,2022.189941,4078620000.0
2016-03-12,2021.3399656666668,3881696666.6666665
2016-03-13,2020.4899903333333,3684773333.3333335
2016-03-14,2019.640015,3487850000.0
2016-03-15,2015.930054,3560280000.0
2016-03-16,2027.219971,4057020000.0
2016-03-17,2040.589966,4530480000.0
2016-03-18,2049.580078,6503140000.0
2016-03-19,2050.253418,5460960000.0
2016-03-20,2050.926758,4418780000.0
2016-03-21,2051.600098,3376600000.0
2016-03-22,2049.800049,3418460000.0
2016-03-23,2036.709961,3639510000.0
2016-03-24,2035.939941,3407720000.0
2016-03-25,2036.217468,3258062500.0
2016-03-26,2036.494995,3108405000.0
2016-03-27,2036.772522,2958747500.0
2016-03-28,2037.050049,2809090000.0
2016-03-29,2055.01001,3822330000.0
2016-03-30,2063.949951,3590310000.0
2016-03-31,2059.73999,3715280000.0
2016-04-01,2072.780029,3749990000.0
2016-04-02,2070.5633136666665,3661896666.6666665
2016-04-03,2068.346598333333,3573803333.3333335
2016-04-04,2066.1298829999996,3485710000.0
2016-04-05,2045.1700440000002,4154920000.0
2016-04-06,2066.659912,3750800000.0
2016-04-07,2041.910034,3801250000.0
2016-04-08,2047.5999760000002,3359530000.0
2016-04-09,2045.7299806666667,3428966666.6666665
2016-04-10,2043.8599853333333,3498403333.3333335
2016-04-11,2041.9899899999998,3567840000.0
2016-04-12,2061.719971,4239740000.0
2016-04-13,2082.419922,4191830000.0
2016-04-14,2082.780029,3765870000.0
2016-04-15,2080.72998,3701450000.0
2016-04-16,2085.266682666667,3573260000.0
2016-04-17,2089.803385333333,3445070000.0
2016-04-18,2094.340088,3316880000.0
2016-04-19,2100.800049,3896830000.0
2016-04-20,2102.399902,4184880000.0
2016-04-21,2091.47998,4175290000.0
2016-04-22,2091.580078,3790580000.0
2016-04-23,2090.316731666667,3633633333.3333335
2016-04-24,2089.053385333333,3476686666.6666665
2016-04-25,2087.790039,3319740000.0
2016-04-26,2091.699951,3557190000.0
2016-04-27,2095.149902,4100110000.0
2016-04-28,2075.810059,4309840000.0
2016-04-29,2065.300049,4704720000.0
2016-04-30,2070.6766766666665,4416850000.0
2016-05-01,2076.0533043333335,4128980000.0
2016-05-02,2081.429932,3841110000.0
2016-05-03,2063.3701170000004,4173390000.0
2016-05-04,2051.1201170000004,4058560000.0
2016-05-05,2050.6298829999996,4008530000.0
2016-05-06,2057.139893,3796350000.0
2016-05-07,2057.656575666667,3793773333.3333335
2016-05-08,2058.1732583333333,3791196666.6666665
2016-05-09,2058.689941,3788620000.0
2016-05-10,2084.389893,3600200000.0
2016-05-11,2064.459961,3821980000.0
2016-05-12,2064.110107,3782390000.0
2016-05-13,2046.609985,3579880000.0
2016-05-14,2053.293294,3553706666.6666665
2016-05-15,2059.976603,3527533333.3333335
2016-05-16,2066.659912,3501360000.0
2016-05-17,2047.209961,4108960000.0
2016-05-18,2047.630005,4101320000.0
2016-05-19,2040.040039,3846770000.0
2016-05-20,2052.320068,3507650000.0
2016-05-21,2050.8933916666665,3356926666.6666665
2016-05-22,2049.4667153333335,3206203333.3333335
2016-05-23,2048.040039,3055480000.0
2016-05-24,2076.060059,3627340000.0
2016-05-25,2090.540039,3859160000.0
2016-05-26,2090.100098,3230990000.0
2016-05-27,2099.060059,3079150000.0
2016-05-28,2098.532532,3437965000.0
2016-05-29,2098.005005,3796780000.0
2016-05-30,2097.477478,4155595000.0
2016-05-31,2096.949951,4514410000.0
2016-06-01,2099.330078,3525170000.0
2016-06-02,2105.26001,3632720000.0
2016-06-03,2099.1298829999996,3627780000.0
2016-06-04,2102.556559333333,3565860000.0
2016-06-05,2105.9832356666666,3503940000.0
2016-06-06,2109.409912,3442020000.0
2016-06-07,2112.1298829999996,3534730000.0
2016-06-08,2119.1201170000004,3562060000.0
2016-06-09,2115.47998,3290320000.0
2016-06-10,2096.070068,3515010000.0
2016-06-11,2090.400065,3474016666.6666665
2016-06-12,2084.730062,3433023333.3333335
2016-06-13,2079.060059,3392030000.0
2016-06-14,2075.320068,3759770000.0
2016-06-15,2071.5,3544720000.0
2016-06-16,2077.98999,3628280000.0
2016-06-17,2071.219971,4952630000.0
2016-06-18,2075.2299806666665,4457566666.666667
2016-06-19,2079.2399903333335,3962503333.3333335
2016-06-20,2083.25,3467440000.0
2016-06-21,2088.899902,3232880000.0
2016-06-22,2085.449951,3168160000.0
2016-06-23,2113.320068,3297940000.0
2016-06-24,2037.410034,7597450000.0
2016-06-25,2025.1200356666666,6875373333.333333
2016-06-26,2012.8300373333334,6153296666.666667
2016-06-27,2000.540039,5431220000.0
2016-06-28,2036.089966,4385810000.0
2016-06-29,2070.77002,4241740000.0
2016-06-30,2098.860107,4622820000.0
2016-07-01,2102.949951,3458890000.0
2016-07-02,2099.3499755000003,3508762500.0
2016-07-03,2095.75,3558635000.0
2016-07-04,2092.1500244999997,3608507500.0
2016-07-05,2088.550049,3658380000.0
2016-07-06,2099.72998,3909380000.0
2016-07-07,2097.899902,3604550000.0
2016-07-08,2129.899902,3607500000.0
2016-07-09,2132.3199053333333,3489446666.6666665
2016-07-10,2134.739908666667,3371393333.3333335
2016-07-11,2137.159912,3253340000.0
2016-07-12,2152.139893,4097820000.0
2016-07-13,2152.429932,3502320000.0
2016-07-14,2163.75,3465610000.0
2016-07-15,2161.73999,3122600000.0
2016-07-16,2163.4566243333334,3084836666.6666665
2016-07-17,2165.1732586666667,3047073333.3333335
2016-07-18,2166.889893,3009310000.0
2016-07-19,2163.780029,2968340000.0
2016-07-20,2173.02002,3211860000.0
2016-07-21,2165.169922,3438900000.0
2016-07-22,2175.030029,3023280000.0
2016-07-23,2172.846679333333,3034600000.0
2016-07-24,2170.663329666667,3045920000.0
2016-07-25,2168.47998,3057240000.0
2016-07-26,2169.179932,3442350000.0
2016-07-27,2166.580078,3995500000.0
2016-07-28,2170.060059,3664240000.0
2016-07-29,2173.600098,4038840000.0
2016-07-30,2172.6800946666667,3861223333.3333335
2016-07-31,2171.760091333333,3683606666.6666665
2016-08-01,2170.840088,3505990000.0
2016-08-02,2157.030029,3848750000.0
2016-08-03,2163.790039,3786530000.0
2016-08-04,2164.25,3709200000.0
2016-08-05,2182.8701170000004,3663070000.0
2016-08-06,2182.2100423333336,3551230000.0
2016-08-07,2181.549967666667,3439390000.0
2016-08-08,2180.889893,3327550000.0
2016-08-09,2181.73999,3334300000.0
2016-08-10,2175.48999,3254950000.0
2016-08-11,2185.790039,3423160000.0
2016-08-12,2184.050049,3000660000.0
2016-08-13,2186.0833333333335,3026616666.6666665
2016-08-14,2188.1166176666666,3052573333.3333335
2016-08-15,2190.149902,3078530000.0
2016-08-16,2178.149902,3196400000.0
2016-08-17,2182.219971,3388910000.0
2016-08-18,2187.02002,3300570000.0
2016-08-19,2183.8701170000004,3084800000.0
2016-08-20,2183.4600423333336,2982383333.3333335
2016-08-21,2183.049967666667,2879966666.6666665
2016-08-22,2182.639893,2777550000.0
2016-08-23,2186.899902,3041490000.0
2016-08-24,2175.439941,3148280000.0
2016-08-25,2172.469971,2969310000.0
2016-08-26,2169.040039,3342340000.0
2016-08-27,2172.819987,3113153333.3333335
2016-08-28,2176.5999349999997,2883966666.6666665
2016-08-29,2180.3798829999996,2654780000.0
2016-08-30,2176.1201170000004,3006800000.0
2016-08-31,2170.949951,3766390000.0
2016-09-01,2170.860107,3392120000.0
2016-09-02,2179.97998,3091120000.0
2016-09-03,2181.60498,3180252500.0
2016-09-04,2183.22998,3269385000.0
2016-09-05,2184.85498,3358517500.0
2016-09-06,2186.47998,3447650000.0
2016-09-07,2186.159912,3319420000.0
2016-09-08,2181.300049,3727840000.0
2016-09-09,2127.810059,4233960000.0
2016-09-10,2138.220052333333,4159466666.6666665
2016-09-11,2148.630045666667,4084973333.3333335
2016-09-12,2159.040039,4010480000.0
2016-09-13,2127.02002,4141670000.0
2016-09-14,2125.77002,3664100000.0
2016-09-15,2147.26001,3373720000.0
2016-09-16,2139.159912,5014360000.0
2016-09-17,2139.146647,4397240000.0
2016-09-18,2139.1333820000004,3780120000.0
2016-09-19,2139.1201170000004,3163000000.0
2016-09-20,2139.76001,3140730000.0
2016-09-21,2163.1201170000004,3712090000.0
2016-09-22,2177.179932,3552830000.0
2016-09-23,2164.689941,3317190000.0
2016-09-24,2158.4933266666667,3283516666.6666665
2016-09-25,2152.2967123333333,3249843333.3333335
2016-09-26,2146.100098,3216170000.0
2016-09-27,2159.929932,3437770000.0
2016-09-28,2171.3701170000004,3891460000.0
2016-09-29,2151.1298829999996,4249220000.0
2016-09-30,2168.27002,4173340000.0
2016-10-01,2165.9133303333333,3828076666.6666665
2016-10-02,2163.5566406666667,3482813333.3333335
2016-10-03,2161.199951,3137550000.0
2016-10-04,2150.48999,3750890000.0
2016-10-05,2159.72998,3906550000.0
2016-10-06,2160.77002,3461550000.0
2016-10-07,2153.73999,3619890000.0
2016-10-08,2157.0466306666667,3385443333.3333335
2016-10-09,2160.3532713333334,3150996666.6666665
2016-10-10,2163.659912,2916550000.0
2016-10-11,2136.72998,3438270000.0
2016-10-12,2139.179932,2977100000.0
2016-10-13,2132.550049,3580450000.0
2016-10-14,2132.97998,3228150000.0
2016-10-15,2130.819986666667,3095563333.3333335
2016-10-16,2128.659993333333,2962976666.6666665
2016-10-17,2126.5,2830390000.0
2016-10-18,2139.600098,3170000000.0
2016-10-19,2144.290039,3362670000.0
2016-10-20,2141.340088,3337170000.0
2016-10-21,2141.159912,3448850000.0
2016-10-22,2144.5499673333334,3418340000.0
2016-10-23,2147.9400226666667,3387830000.0
2016-10-24,2151.330078,3357320000.0
2016-10-25,2143.159912,3751340000.0
2016-10-26,2139.429932,3775200000.0
2016-10-27,2133.040039,4204830000.0
2016-10-28,2126.409912,4019510000.0
2016-10-29,2126.323242,3987140000.0
2016-10-30,2126.2365720000003,3954770000.0
2016-10-31,2126.149902,3922400000.0
2016-11-01,2111.719971,4532160000.0
2016-11-02,2097.939941,4248580000.0
2016-11-03,2088.659912,3886740000.0
2016-11-04,2085.179932,3837860000.0
2016-11-05,2100.626628,3803926666.6666665
2016-11-06,2116.073324,3769993333.3333335
2016-11-07,2131.52002,3736060000.0
2016-11-08,2139.560059,3916930000.0
2016-11-09,2163.26001,6264150000.0
2016-11-10,2167.47998,6451640000.0
2016-11-11,2164.449951,4988050000.0
2016-11-12,2164.3666176666666,5114433333.333333
2016-11-13,2164.2832843333335,5240816666.666667
2016-11-14,2164.199951,5367200000.0
2016-11-15,2180.389893,4543860000.0
2016-11-16,2176.939941,3830590000.0
2016-11-17,2187.1201170000004,3809160000.0
2016-11-18,2181.899902,3572400000.0
2016-11-19,2187.3265786666666,3583936666.6666665
2016-11-20,2192.7532553333335,3595473333.3333335
2016-11-21,2198.179932,3607010000.0
2016-11-22,2202.939941,3957940000.0
2016-11-23,2204.719971,3418640000.0
2016-11-24,2209.0350344999997,2501620000.0
2016-11-25,2213.350098,1584600000.0
2016-11-26,2209.4733889999998,2224950000.0
2016-11-27,2205.59668,2865300000.0
2016-11-28,2201.719971,3505650000.0
2016-11-29,2204.659912,3706560000.0
2016-11-30,2198.810059,5533980000.0
2016-12-01,2191.080078,5063740000.0
2016-12-02,2191.949951,3779500000.0
2016-12-03,2196.2032876666667,3818076666.6666665
2016-12-04,2200.4566243333334,3856653333.3333335
2016-12-05,2204.709961,3895230000.0
2016-12-06,2212.22998,3855320000.0
2016-12-07,2241.350098,4501820000.0
2016-12-08,2246.189941,4200580000.0
2016-12-09,2259.530029,3884480000.0
2016-12-10,2258.673339666667,3934490000.0
2016-12-11,2257.816650333333,3984500000.0
2016-12-12,2256.959961,4034510000.0
2016-12-13,2271.719971,3857590000.0
2016-12-14,2253.280029,4406970000.0
2016-12-15,2262.030029,4168200000.0
2016-12-16,2258.070068,5920340000.0
2016-12-17,2259.556721666667,5029683333.333333
2016-12-18,2261.043375333333,4139026666.666667
2016-12-19,2262.530029,3248370000.0
2016-12-20,2270.76001,3298780000.0
2016-12-21,2265.179932,2852230000.0
2016-12-22,2260.959961,2876320000.0
2016-12-23,2263.790039,2020550000.0
2016-12-24,2265.0625,2012182500.0
2016-12-25,2266.3349609999996,2003815000.0
2016-12-26,2267.6074219999996,1995447500.0
2016-12-27,2268.8798829999996,1987080000.0
2016-12-28,2249.919922,2392360000.0
2016-12-29,2249.26001,2336370000.0
2016-12-30,2238.830078,2670900000.0
2016-12-31,2243.580078,2945807500.0
2017-01-01,2248.330078,3220715000.0
2017-01-02,2253.080078,3495622500.0
2017-01-03,2257.830078,3770530000.0
2017-01-04,2270.75,3764890000.0
2017-01-05,2269.0,3761820000.0
2017-01-06,2276.97998,3339890000.0
2017-01-07,2274.2866206666667,3299130000.0
2017-01-08,2271.5932613333334,3258370000.0
2017-01-09,2268.899902,3217610000.0
2017-01-10,2268.899902,3638790000.0
2017-01-11,2275.320068,3620410000.0
2017-01-12,2270.439941,3462130000.0
2017-01-13,2274.639893,3081270000.0
2017-01-14,2272.952393,3207200000.0
2017-01-15,2271.264893,3333130000.0
2017-01-16,2269.577393,3459060000.0
2017-01-17,2267.889893,3584990000.0
2017-01-18,2271.889893,3315250000.0
2017-01-19,2263.689941,3165970000.0
2017-01-20,2271.310059,3524970000.0
2017-01-21,2269.273356333333,3400883333.3333335
2017-01-22,2267.236653666667,3276796666.6666665
2017-01-23,2265.199951,3152710000.0
2017-01-24,2280.070068,3810960000.0
2017-01-25,2298.3701170000004,3846020000.0
2017-01-26,2296.679932,3610360000.0
2017-01-27,2294.689941,3135890000.0
2017-01-28,2290.0932613333334,3287683333.3333335
2017-01-29,2285.4965816666668,3439476666.6666665
2017-01-30,2280.899902,3591270000.0
2017-01-31,2278.8701170000004,4087450000.0
2017-02-01,2279.550049,3916610000.0
2017-02-02,2280.850098,3807710000.0
2017-02-03,2297.419922,3597970000.0
2017-02-04,2295.799967666667,3434996666.6666665
2017-02-05,2294.180013333333,3272023333.3333335
2017-02-06,2292.560059,3109050000.0
2017-02-07,2293.080078,3448690000.0
2017-02-08,2294.669922,3609740000.0
2017-02-09,2307.8701170000004,3677940000.0
2017-02-10,2316.100098,3475020000.0
2017-02-11,2320.1500653333333,3433256666.6666665
2017-02-12,2324.2000326666666,3391493333.3333335
2017-02-13,2328.25,3349730000.0
2017-02-14,2337.580078,3520910000.0
2017-02-15,2349.25,3775590000.0
2017-02-16,2347.219971,3672370000.0
2017-02-17,2351.159912,3513060000.0
2017-02-18,2354.7149047499997,3529740000.0
2017-02-19,2358.2698975,3546420000.0
2017-02-20,2361.82489025,3563100000.0
2017-02-21,2365.3798829999996,3579780000.0
2017-02-22,2362.820068,3468670000.0
2017-02-23,2363.810059,4015260000.0
2017-02-24,2367.340088,3831570000.0
2017-02-25,2368.143392,3748583333.3333335
2017-02-26,2368.946696,3665596666.6666665
2017-02-27,2369.75,3582610000.0
2017-02-28,2363.639893,4210140000.0
2017-03-01,2395.959961,4345180000.0
2017-03-02,2381.919922,3821320000.0
2017-03-03,2383.1201170000004,3555260000.0
2017-03-04,2380.5167643333334,3447740000.0
2017-03-05,2377.913411666667,3340220000.0
2017-03-06,2375.310059,3232700000.0
2017-03-07,2368.389893,3518390000.0
2017-03-08,2362.97998,3812100000.0
2017-03-09,2364.8701170000004,3716340000.0
2017-03-10,2372.600098,3432950000.0
2017-03-11,2372.8900556666667,3333266666.6666665
2017-03-12,2373.180013333333,3233583333.3333335
2017-03-13,2373.469971,3133900000.0
2017-03-14,2365.449951,3172630000.0
2017-03-15,2385.26001,3906840000.0
2017-03-16,2381.3798829999996,3365660000.0
2017-03-17,2378.25,5178040000.0
2017-03-18,2376.656657,4470336666.666667
2017-03-19,2375.063314,3762633333.333333
2017-03-20,2373.469971,3054930000.0
2017-03-21,2344.02002,4265590000.0
2017-03-22,2348.449951,3572730000.0
2017-03-23,2345.959961,3260600000.0
2017-03-24,2343.97998,2975130000.0
2017-03-25,2343.1833493333334,3063496666.6666665
2017-03-26,2342.3867186666666,3151863333.3333335
2017-03-27,2341.590088,3240230000.0
2017-03-28,2358.570068,3367780000.0
2017-03-29,2361.1298829999996,3106940000.0
2017-03-30,2368.060059,3158420000.0
2017-03-31,2362.719971,3354110000.0
2017-04-01,2361.4266766666665,3374873333.3333335
2017-04-02,2360.1333823333334,3395636666.6666665
2017-04-03,2358.840088,3416400000.0
2017-04-04,2360.159912,3206240000.0
2017-04-05,2352.949951,3770520000.0
2017-04-06,2357.48999,3201920000.0
2017-04-07,2355.540039,3053150000.0
2017-04-08,2356.079996666667,2963903333.3333335
2017-04-09,2356.619954333333,2874656666.6666665
2017-04-10,2357.159912,2785410000.0
2017-04-11,2353.780029,3117420000.0
2017-04-12,2344.929932,3196950000.0
2017-04-13,2328.949951,3143890000.0
2017-04-14,2333.96496575,3064095000.0
2017-04-15,2338.9799805000002,2984300000.0
2017-04-16,2343.99499525,2904505000.0
2017-04-17,2349.01001,2824710000.0
2017-04-18,2342.189941,3269840000.0
2017-04-19,2338.169922,3519900000.0
2017-04-20,2355.840088,3647420000.0
2017-04-21,2348.689941,3503360000.0
2017-04-22,2357.176594666667,3565790000.0
2017-04-23,2365.6632483333333,3628220000.0
2017-04-24,2374.149902,3690650000.0
2017-04-25,2388.610107,3995240000.0
2017-04-26,2387.449951,4105920000.0
2017-04-27,2388.77002,4098460000.0
2017-04-28,2384.199951,3718270000.0
2017-04-29,2385.57666,3545260000.0
2017-04-30,2386.953369,3372250000.0
2017-05-01,2388.330078,3199240000.0
2017-05-02,2391.169922,3813680000.0
2017-05-03,2388.1298829999996,3893990000.0
2017-05-04,2389.52002,4362540000.0
2017-05-05,2399.290039,3540140000.0
2017-05-06,2399.319987,3503240000.0
2017-05-07,2399.3499349999997,3466340000.0
2017-05-08,2399.3798829999996,3429440000.0
2017-05-09,2396.919922,3653590000.0
2017-05-10,2399.6298829999996,3643530000.0
2017-05-11,2394.439941,3727420000.0
2017-05-12,2390.899902,3305630000.0
2017-05-13,2394.706624,3361620000.0
2017-05-14,2398.513346,3417610000.0
2017-05-15,2402.320068,3473600000.0
2017-05-16,2400.669922,3420790000.0
2017-05-17,2357.030029,4163000000.0
2017-05-18,2365.719971,4319420000.0
2017-05-19,2381.72998,3825160000.0
2017-05-20,2385.82666,3607716666.6666665
2017-05-21,2389.92334,3390273333.3333335
2017-05-22,2394.02002,3172830000.0
2017-05-23,2398.419922,3213570000.0
2017-05-24,2404.389893,3389900000.0
2017-05-25,2415.070068,3535390000.0
2017-05-26,2415.820068,2805040000.0
2017-05-27,2415.092529,2904570000.0
2017-05-28,2414.36499,3004100000.0
2017-05-29,2413.637451,3103630000.0
2017-05-30,2412.909912,3203160000.0
2017-05-31,2411.800049,4516110000.0
2017-06-01,2430.060059,3857140000.0
2017-06-02,2439.070068,3461680000.0
2017-06-03,2438.080078,3278653333.3333335
2017-06-04,2437.090088,3095626666.6666665
2017-06-05,2436.100098,2912600000.0
2017-06-06,2429.330078,3357840000.0
2017-06-07,2433.139893,3572300000.0
2017-06-08,2433.790039,3728860000.0
2017-06-09,2431.77002,4027340000.0
2017-06-10,2430.9766443333333,4027476666.6666665
2017-06-11,2430.1832686666667,4027613333.3333335
2017-06-12,2429.389893,4027750000.0
2017-06-13,2440.350098,3275500000.0
2017-06-14,2437.919922,3555590000.0
2017-06-15,2432.459961,3353050000.0
2017-06-16,2433.149902,5284720000.0
2017-06-17,2439.9199216666666,4611380000.0
2017-06-18,2446.6899413333335,3938040000.0
2017-06-19,2453.459961,3264700000.0
2017-06-20,2437.030029,3416510000.0
2017-06-21,2435.610107,3594820000.0
2017-06-22,2434.5,3468210000.0
2017-06-23,2438.300049,5278330000.0
2017-06-24,2438.556722,4598543333.333333
2017-06-25,2438.813395,3918756666.666667
2017-06-26,2439.070068,3238970000.0
2017-06-27,2419.3798829999996,3563910000.0
2017-06-28,2440.689941,3500800000.0
2017-06-29,2419.699951,3900280000.0
2017-06-30,2423.409912,3361590000.0
2017-07-01,2425.276611333333,2895156666.6666665
2017-07-02,2427.143310666667,2428723333.3333335
2017-07-03,2429.01001,1962290000.0
2017-07-04,2430.7750244999997,2664755000.0
2017-07-05,2432.540039,3367220000.0
2017-07-06,2409.75,3364520000.0
2017-07-07,2425.179932,2901330000.0
2017-07-08,2425.929932,2933930000.0
2017-07-09,2426.679932,2966530000.0
2017-07-10,2427.429932,2999130000.0
2017-07-11,2425.530029,3106750000.0
2017-07-12,2443.25,3171620000.0
2017-07-13,2447.830078,3067670000.0
2017-07-14,2459.27002,2736640000.0
2017-07-15,2459.2266443333333,2755483333.3333335
2017-07-16,2459.1832686666667,2774326666.6666665
2017-07-17,2459.139893,2793170000.0
2017-07-18,2460.610107,2962130000.0
2017-07-19,2473.830078,3059760000.0
2017-07-20,2473.449951,3182780000.0
2017-07-21,2472.540039,3059570000.0
2017-07-22,2471.66333,3043126666.6666665
2017-07-23,2470.786621,3026683333.3333335
2017-07-24,2469.909912,3010240000.0
2017-07-25,2477.1298829999996,4108060000.0
2017-07-26,2477.830078,3557020000.0
2017-07-27,2475.419922,3995520000.0
2017-07-28,2472.100098,3294770000.0
2017-07-29,2471.5000816666666,3352916666.6666665
2017-07-30,2470.9000653333333,3411063333.3333335
2017-07-31,2470.300049,3469210000.0
2017-08-01,2476.350098,3460860000.0
2017-08-02,2477.570068,3478580000.0
2017-08-03,2472.159912,3645020000.0
2017-08-04,2476.830078,3235140000.0
2017-08-05,2478.1900226666667,3134020000.0
2017-08-06,2479.5499673333334,3032900000.0
2017-08-07,2480.909912,2931780000.0
2017-08-08,2474.919922,3344640000.0
2017-08-09,2474.02002,3308060000.0
2017-08-10,2438.209961,3621070000.0
2017-08-11,2441.320068,3159930000.0
2017-08-12,2449.493408,3047470000.0
2017-08-13,2457.666748,2935010000.0
2017-08-14,2465.840088,2822550000.0
2017-08-15,2464.610107,2913100000.0
2017-08-16,2468.110107,2953650000.0
2017-08-17,2430.01001,3142620000.0
2017-08-18,2425.550049,3415680000.0
2017-08-19,2426.4900716666666,3206503333.3333335
2017-08-20,2427.4300943333337,2997326666.6666665
2017-08-21,2428.3701170000004,2788150000.0
2017-08-22,2452.51001,2777490000.0
2017-08-23,2444.040039,2785290000.0
2017-08-24,2438.969971,2846590000.0
2017-08-25,2443.050049,2588780000.0
2017-08-26,2443.446696,2618420000.0
2017-08-27,2443.843343,2648060000.0
2017-08-28,2444.23999,2677700000.0
2017-08-29,2446.300049,2737580000.0
2017-08-30,2457.590088,2633660000.0
2017-08-31,2471.649902,3348110000.0
2017-09-01,2476.550049,2710730000.0
2017-09-02,2471.87506125,2905612500.0
2017-09-03,2467.2000735,3100495000.0
2017-09-04,2462.52508575,3295377500.0
2017-09-05,2457.850098,3490260000.0
2017-09-06,2465.540039,3374410000.0
2017-09-07,2465.100098,3353930000.0
2017-09-08,2461.429932,3302490000.0
2017-09-09,2470.3233236666665,3298913333.3333335
2017-09-10,2479.2167153333335,3295336666.6666665
2017-09-11,2488.110107,3291760000.0
2017-09-12,2496.47998,3230920000.0
2017-09-13,2498.3701170000004,3368050000.0
2017-09-14,2495.6201170000004,3414460000.0
2017-09-15,2500.22998,4853170000.0
2017-09-16,2501.4433590000003,4300213333.333333
2017-09-17,2502.656738,3747256666.666667
2017-09-18,2503.8701170000004,3194300000.0
2017-09-19,2506.649902,3249100000.0
2017-09-20,2508.23999,3530010000.0
2017-09-21,2500.600098,2930860000.0
2017-09-22,2502.219971,2865960000.0
2017-09-23,2500.366618,3009936666.6666665
2017-09-24,2498.513265,3153913333.3333335
2017-09-25,2496.659912,3297890000.0
2017-09-26,2496.840088,3043110000.0
2017-09-27,2507.040039,3456030000.0
2017-09-28,2510.060059,3168620000.0
2017-09-29,2519.360107,3211920000.0
2017-09-30,2522.6134436666666,3207856666.6666665
2017-10-01,2525.8667803333337,3203793333.3333335
2017-10-02,2529.1201170000004,3199730000.0
2017-10-03,2534.580078,3068850000.0
2017-10-04,2537.73999,3017120000.0
2017-10-05,2552.070068,3045120000.0
2017-10-06,2549.330078,2884570000.0
2017-10-07,2547.796712,2751036666.6666665
2017-10-08,2546.263346,2617503333.3333335
2017-10-09,2544.72998,2483970000.0
2017-10-10,2550.639893,2960500000.0
2017-10-11,2555.23999,2976090000.0
2017-10-12,2550.929932,3151510000.0
2017-10-13,2553.169922,3149440000.0
2017-10-14,2554.6599123333335,3071633333.3333335
2017-10-15,2556.1499026666665,2993826666.6666665
2017-10-16,2557.639893,2916020000.0
2017-10-17,2559.360107,2889390000.0
2017-10-18,2561.26001,2998090000.0
2017-10-19,2562.100098,2990710000.0
2017-10-20,2575.209961,3384650000.0
2017-10-21,2571.7999673333334,3327003333.3333335
2017-10-22,2568.3899736666667,3269356666.6666665
2017-10-23,2564.97998,3211710000.0
2017-10-24,2569.1298829999996,3427330000.0
2017-10-25,2557.149902,3874510000.0
2017-10-26,2560.399902,3869050000.0
2017-10-27,2581.070068,3887110000.0
2017-10-28,2578.3234046666666,3811030000.0
2017-10-29,2575.5767413333333,3734950000.0
2017-10-30,2572.830078,3658870000.0
2017-10-31,2575.26001,3827230000.0
2017-11-01,2579.360107,3813180000.0
2017-11-02,2579.850098,4048270000.0
2017-11-03,2587.840088,3567710000.0
2017-11-04,2588.936686333333,3558166666.6666665
2017-11-05,2590.0332846666665,3548623333.3333335
2017-11-06,2591.1298829999996,3539080000.0
2017-11-07,2590.639893,3809650000.0
2017-11-08,2594.3798829999996,3899360000.0
2017-11-09,2584.6201170000004,3831610000.0
2017-11-10,2582.300049,3486910000.0
2017-11-11,2583.1467286666666,3458916666.6666665
2017-11-12,2583.9934083333333,3430923333.3333335
2017-11-13,2584.840088,3402930000.0
2017-11-14,2578.8701170000004,3641760000.0
2017-11-15,2564.6201170000004,3558890000.0
2017-11-16,2585.639893,3312710000.0
2017-11-17,2578.850098,3300160000.0
2017-11-18,2579.9466963333334,3201286666.6666665
2017-11-19,2581.0432946666665,3102413333.3333335
2017-11-20,2582.139893,3003540000.0
2017-11-21,2599.030029,3332720000.0
2017-11-22,2597.080078,2762950000.0
2017-11-23,2599.75,2056365000.0
2017-11-24,2602.419922,1349780000.0
2017-11-25,2602.0865886666666,1902140000.0
2017-11-26,2601.7532553333335,2454500000.0
2017-11-27,2601.419922,3006860000.0
2017-11-28,2627.040039,3488420000.0
2017-11-29,2626.070068,4078280000.0
2017-11-30,2647.580078,4938490000.0
2017-12-01,2642.219971,3942320000.0
2017-12-02,2641.2932943333335,3969263333.3333335
2017-12-03,2640.3666176666666,3996206666.6666665
2017-12-04,2639.439941,4023150000.0
2017-12-05,2629.570068,3539040000.0
2017-12-06,2629.27002,3229000000.0
2017-12-07,2636.97998,3292400000.0
2017-12-08,2651.5,3106150000.0
2017-12-09,2654.329996666667,3101416666.6666665
2017-12-10,2657.159993333333,3096683333.3333335
2017-12-11,2659.98999,3091950000.0
2017-12-12,2664.110107,3555680000.0
2017-12-13,2662.850098,3542370000.0
2017-12-14,2652.01001,3430030000.0
2017-12-15,2675.810059,5723920000.0
2017-12-16,2680.5933433333335,5057500000.0
2017-12-17,2685.3766276666665,4391080000.0
2017-12-18,2690.159912,3724660000.0
2017-12-19,2681.469971,3368590000.0
2017-12-20,2679.25,3241030000.0
2017-12-21,2684.570068,3273390000.0
2017-12-22,2683.340088,2399830000.0
2017-12-23,2682.6300659999997,2292067500.0
2017-12-24,2681.920044,2184305000.0
2017-12-25,2681.210022,2076542500.0
2017-12-26,2680.5,1968780000.0
2017-12-27,2682.6201170000004,2202080000.0
2017-12-28,2687.540039,2153330000.0
2017-12-29,2673.610107,2443490000.0
2017-12-30,2679.160095,2674430000.0
2017-12-31,2684.710083,2905370000.0
2018-01-01,2690.2600709999997,3136310000.0
2018-01-02,2695.810059,3367250000.0
2018-01-03,2713.060059,3538660000.0
2018-01-04,2723.98999,3695260000.0
2018-01-05,2743.149902,3236620000.0
2018-01-06,2744.6699216666666,3238630000.0
2018-01-07,2746.1899413333335,3240640000.0
2018-01-08,2747.709961,3242650000.0
2018-01-09,2751.290039,3453480000.0
2018-01-10,2748.22998,3576350000.0
2018-01-11,2767.560059,3641320000.0
2018-01-12,2786.23999,3573970000.0
2018-01-13,2783.784973,3761970000.0
2018-01-14,2781.329956,3949970000.0
2018-01-15,2778.8749390000003,4137970000.0
2018-01-16,2776.419922,4325970000.0
2018-01-17,2802.560059,3778050000.0
2018-01-18,2798.030029,3681470000.0
2018-01-19,2810.300049,3639430000.0
2018-01-20,2817.8566896666666,3583546666.6666665
2018-01-21,2825.4133303333333,3527663333.3333335
2018-01-22,2832.969971,3471780000.0
2018-01-23,2839.1298829999996,3519650000.0
2018-01-24,2837.540039,4014070000.0
2018-01-25,2839.25,3835150000.0
2018-01-26,2872.8701170000004,3443230000.0
2018-01-27,2866.4234210000004,3486763333.3333335
2018-01-28,2859.976725,3530296666.6666665
2018-01-29,2853.530029,3573830000.0
2018-01-30,2822.429932,3990650000.0
2018-01-31,2823.810059,4261280000.0
2018-02-01,2821.97998,3938450000.0
2018-02-02,2762.1298829999996,4301130000.0
2018-02-03,2724.399902333333,4628573333.333333
2018-02-04,2686.6699216666666,4956016666.666667
2018-02-05,2648.939941,5283460000.0
2018-02-06,2695.139893,5891660000.0
2018-02-07,2681.659912,4626570000.0
2018-02-08,2581.0,5305440000.0
2018-02-09,2619.550049,5680070000.0
2018-02-10,2631.7000326666666,5138643333.333333
2018-02-11,2643.8500163333333,4597216666.666667
2018-02-12,2656.0,4055790000.0
2018-02-13,2662.939941,3472870000.0
2018-02-14,2698.6298829999996,4003740000.0
2018-02-15,2731.199951,3684910000.0
2018-02-16,2732.219971,3637460000.0
2018-02-17,2728.22998075,3634997500.0
2018-02-18,2724.2399905,3632535000.0
2018-02-19,2720.25000025,3630072500.0
2018-02-20,2716.26001,3627610000.0
2018-02-21,2701.330078,3779400000.0
2018-02-22,2703.959961,3701270000.0
2018-02-23,2747.300049,3189190000.0
2018-02-24,2758.066732,3267676666.6666665
2018-02-25,2768.833415,3346163333.3333335
2018-02-26,2779.600098,3424650000.0
2018-02-27,2744.280029,3745080000.0
2018-02-28,2713.830078,4230660000.0
2018-03-01,2677.669922,4503970000.0
2018-03-02,2691.25,3882450000.0
2018-03-03,2701.146647,3825236666.6666665
2018-03-04,2711.043294,3768023333.3333335
2018-03-05,2720.939941,3710810000.0
2018-03-06,2728.1201170000004,3370690000.0
2018-03-07,2726.800049,3393270000.0
2018-03-08,2738.969971,3212320000.0
2018-03-09,2786.570068,3364100000.0
2018-03-10,2785.3867186666666,3304406666.6666665
2018-03-11,2784.2033693333333,3244713333.3333335
2018-03-12,2783.02002,3185020000.0
2018-03-13,2765.310059,3301650000.0
2018-03-14,2749.47998,3391360000.0
2018-03-15,2747.330078,3500330000.0
2018-03-16,2752.01001,5372340000.0
2018-03-17,2738.9799806666665,4682270000.0
2018-03-18,2725.9499513333335,3992200000.0
2018-03-19,2712.919922,3302130000.0
2018-03-20,2716.939941,3261030000.0
2018-03-21,2711.929932,3415510000.0
2018-03-22,2643.689941,3739800000.0
2018-03-23,2588.26001,3815080000.0
2018-03-24,2611.690023,3713753333.3333335
2018-03-25,2635.120036,3612426666.6666665
2018-03-26,2658.550049,3511100000.0
2018-03-27,2612.6201170000004,3706350000.0
2018-03-28,2605.0,3864500000.0
2018-03-29,2640.8701170000004,3565990000.0
2018-03-30,2626.1225585,3574122500.0
2018-03-31,2611.375,3582255000.0
2018-04-01,2596.6274415,3590387500.0
2018-04-02,2581.8798829999996,3598520000.0
2018-04-03,2614.449951,3392810000.0
2018-04-04,2644.689941,3350340000.0
2018-04-05,2662.840088,3178970000.0
2018-04-06,2604.469971,3299700000.0
2018-04-07,2607.366618,3220786666.6666665
2018-04-08,2610.263265,3141873333.3333335
2018-04-09,2613.159912,3062960000.0
2018-04-10,2656.8701170000004,3543930000.0
2018-04-11,2642.189941,3020760000.0
2018-04-12,2663.98999,3021320000.0
2018-04-13,2656.300049,2960910000.0
2018-04-14,2663.480062,2980506666.6666665
2018-04-15,2670.660075,3000103333.3333335
2018-04-16,2677.840088,3019700000.0
2018-04-17,2706.389893,3234360000.0
2018-04-18,2708.639893,3383410000.0
2018-04-19,2693.1298829999996,3349370000.0
2018-04-20,2670.139893,3388590000.0
2018-04-21,2670.1899416666665,3264886666.6666665
2018-04-22,2670.2399903333335,3141183333.3333335
2018-04-23,2670.290039,3017480000.0
2018-04-24,2634.560059,3706740000.0
2018-04-25,2639.399902,3499440000.0
2018-04-26,2666.939941,3665720000.0
2018-04-27,2669.909912,3219030000.0
2018-04-28,2662.623291,3390863333.3333335
2018-04-29,2655.33667,3562696666.6666665
2018-04-30,2648.050049,3734530000.0
2018-05-01,2654.800049,3559850000.0
2018-05-02,2635.669922,4010770000.0
2018-05-03,2629.72998,3851470000.0
2018-05-04,2663.419922,3327220000.0
2018-05-05,2666.489909,3297466666.6666665
2018-05-06,2669.5598959999998,3267713333.3333335
2018-05-07,2672.6298829999996,3237960000.0
2018-05-08,2671.919922,3717570000.0
2018-05-09,2697.790039,3909500000.0
2018-05-10,2723.070068,3333050000.0
2018-05-11,2727.719971,2862700000.0
2018-05-12,2728.523275,2899353333.3333335
2018-05-13,2729.3265789999996,2936006666.6666665
2018-05-14,2730.1298829999996,2972660000.0
2018-05-15,2711.449951,3290680000.0
2018-05-16,2722.459961,3202670000.0
2018-05-17,2720.1298829999996,3475400000.0
2018-05-18,2712.969971,3368690000.0
2018-05-19,2719.649984,3252423333.3333335
2018-05-20,2726.329997,3136156666.6666665
2018-05-21,2733.01001,3019890000.0
2018-05-22,2724.439941,3366310000.0
2018-05-23,2733.290039,3326290000.0
2018-05-24,2727.76001,3256030000.0
2018-05-25,2721.330078,2995260000.0
2018-05-26,2713.46258525,3180667500.0
2018-05-27,2705.5950924999997,3366075000.0
2018-05-28,2697.72759975,3551482500.0
2018-05-29,2689.860107,3736890000.0
2018-05-30,2724.01001,3561050000.0
2018-05-31,2705.27002,4235370000.0
2018-06-01,2734.6201170000004,3684130000.0
2018-06-02,2738.703450333334,3581590000.0
2018-06-03,2742.786783666667,3479050000.0
2018-06-04,2746.8701170000004,3376510000.0
2018-06-05,2748.800049,3517790000.0
2018-06-06,2772.350098,3651640000.0
2018-06-07,2770.3701170000004,3711330000.0
2018-06-08,2779.030029,3123210000.0
2018-06-09,2780.0200193333335,3159583333.3333335
2018-06-10,2781.0100096666665,3195956666.6666665
2018-06-11,2782.0,3232330000.0
2018-06-12,2786.850098,3401010000.0
2018-06-13,2775.6298829999996,3779230000.0
2018-06-14,2782.48999,3526890000.0
2018-06-15,2779.659912,5428790000.0
2018-06-16,2777.6899413333335,4714910000.0
2018-06-17,2775.7199706666665,4001030000.0
2018-06-18,2773.75,3287150000.0
2018-06-19,2762.590088,3661470000.0
2018-06-20,2767.320068,3327600000.0
2018-06-21,2749.76001,3300060000.0
2018-06-22,2754.8798829999996,5450550000.0
2018-06-23,2742.276611333333,4852060000.0
2018-06-24,2729.6733396666664,4253570000.0
2018-06-25,2717.070068,3655080000.0
2018-06-26,2723.060059,3555090000.0
2018-06-27,2699.6298829999996,3776090000.0
2018-06-28,2716.310059,3428140000.0
2018-06-29,2718.3701170000004,3565620000.0
2018-06-30,2721.1500650000003,3401630000.0
2018-07-01,2723.930013,3237640000.0
2018-07-02,2726.709961,3073650000.0
2018-07-03,2713.219971,1911470000.0
2018-07-04,2724.915039,2432445000.0
2018-07-05,2736.610107,2953420000.0
2018-07-06,2759.820068,2554780000.0
2018-07-07,2767.936686,2719866666.6666665
2018-07-08,2776.053304,2884953333.3333335
2018-07-09,2784.169922,3050040000.0
2018-07-10,2793.840088,3063850000.0
2018-07-11,2774.02002,2964740000.0
2018-07-12,2798.290039,2821690000.0
2018-07-13,2801.310059,2614000000.0
2018-07-14,2800.3500166666668,2680076666.6666665
2018-07-15,2799.389974333333,2746153333.3333335
2018-07-16,2798.429932,2812230000.0
2018-07-17,2809.550049,3050730000.0
2018-07-18,2815.6201170000004,3089780000.0
2018-07-19,2804.48999,3266700000.0
2018-07-20,2801.830078,3230210000.0
2018-07-21,2803.546712,3122616666.6666665
2018-07-22,2805.263346,3015023333.3333335
2018-07-23,2806.97998,2907430000.0
2018-07-24,2820.399902,3417530000.0
2018-07-25,2846.070068,3553010000.0
2018-07-26,2837.439941,3653330000.0
2018-07-27,2818.820068,3415710000.0
2018-07-28,2813.4134113333334,3359063333.3333335
2018-07-29,2808.0067546666664,3302416666.6666665
2018-07-30,2802.600098,3245770000.0
2018-07-31,2816.290039,3892100000.0
2018-08-01,2813.360107,3496990000.0
2018-08-02,2827.219971,3467380000.0
2018-08-03,2840.350098,3030390000.0
2018-08-04,2843.7000326666666,2978440000.0
2018-08-05,2847.0499673333334,2926490000.0
2018-08-06,2850.399902,2874540000.0
2018-08-07,2858.449951,3162770000.0
2018-08-08,2857.699951,2972200000.0
2018-08-09,2853.580078,3047050000.0
2018-08-10,2833.280029,3256040000.0
2018-08-11,2829.4966633333333,3223510000.0
2018-08-12,2825.7132976666667,3190980000.0
2018-08-13,2821.929932,3158450000.0
2018-08-14,2839.959961,2976970000.0
2018-08-15,2818.3701170000004,3645070000.0
2018-08-16,2840.689941,3219880000.0
2018-08-17,2850.1298829999996,3024100000.0
2018-08-18,2852.436605,2932073333.3333335
2018-08-19,2854.7433269999997,2840046666.6666665
2018-08-20,2857.050049,2748020000.0
2018-08-21,2862.959961,3147140000.0
2018-08-22,2861.820068,2689560000.0
2018-08-23,2856.97998,2713910000.0
2018-08-24,2874.689941,2596190000.0
2018-08-25,2882.0399573333334,2682153333.3333335
2018-08-26,2889.3899736666667,2768116666.6666665
2018-08-27,2896.73999,2854080000.0
2018-08-28,2897.52002,2683190000.0
2018-08-29,2914.040039,2791860000.0
2018-08-30,2901.1298829999996,2802180000.0
2018-08-31,2901.52002,2880260000.0
2018-09-01,2900.32000775,2929460000.0
2018-09-02,2899.1199955,2978660000.0
2018-09-03,2897.91998325,3027860000.0
2018-09-04,2896.719971,3077060000.0
2018-09-05,2888.600098,3241250000.0
2018-09-06,2878.050049,3139590000.0
2018-09-07,2871.679932,2946270000.0
2018-09-08,2873.496582333333,2874646666.6666665
2018-09-09,2875.3132326666664,2803023333.3333335
2018-09-10,2877.1298829999996,2731400000.0
2018-09-11,2887.889893,2899660000.0
2018-09-12,2888.919922,3264930000.0
2018-09-13,2904.179932,3254930000.0
2018-09-14,2904.97998,3149800000.0
2018-09-15,2899.5866696666667,3082453333.3333335
2018-09-16,2894.1933593333333,3015106666.6666665
2018-09-17,2888.800049,2947760000.0
2018-09-18,2904.310059,3074610000.0
2018-09-19,2907.949951,3280020000.0
2018-09-20,2930.75,3337730000.0
2018-09-21,2929.669922,5607610000.0
2018-09-22,2926.236653666667,4862476666.666667
2018-09-23,2922.8033853333336,4117343333.333333
2018-09-24,2919.3701170000004,3372210000.0
2018-09-25,2915.560059,3285480000.0
2018-09-26,2905.969971,3388620000.0
2018-09-27,2914.0,3060850000.0
2018-09-28,2913.97998,3432300000.0
2018-09-29,2917.516682666667,3409596666.6666665
2018-09-30,2921.053385333333,3386893333.3333335
2018-10-01,2924.590088,3364190000.0
2018-10-02,2923.429932,3401880000.0
2018-10-03,2925.51001,3598710000.0
2018-10-04,2901.610107,3496860000.0
2018-10-05,2885.570068,3328980000.0
2018-10-06,2885.1900226666667,3329426666.6666665
2018-10-07,2884.8099773333333,3329873333.3333335
2018-10-08,2884.429932,3330320000.0
2018-10-09,2880.340088,3520500000.0
2018-10-10,2785.679932,4501250000.0
2018-10-11,2728.3701170000004,4890630000.0
2018-10-12,2767.1298829999996,3966040000.0
2018-10-13,2761.683268333333,3744073333.3333335
2018-10-14,2756.2366536666664,3522106666.6666665
2018-10-15,2750.790039,3300140000.0
2018-10-16,2809.919922,3428340000.0
2018-10-17,2809.209961,3321710000.0
2018-10-18,2768.780029,3616440000.0
2018-10-19,2767.780029,3566490000.0
2018-10-20,2763.8133136666665,3480040000.0
2018-10-21,2759.846598333333,3393590000.0
2018-10-22,2755.8798829999996,3307140000.0
2018-10-23,2740.689941,4348580000.0
2018-10-24,2656.100098,4709310000.0
2018-10-25,2705.570068,4634770000.0
2018-10-26,2658.689941,4803150000.0
2018-10-27,2652.8766273333335,4760000000.0
2018-10-28,2647.0633136666665,4716850000.0
2018-10-29,2641.25,4673700000.0
2018-10-30,2682.6298829999996,5106380000.0
2018-10-31,2711.73999,5112420000.0
2018-11-01,2740.3701170000004,4708420000.0
2018-11-02,2723.060059,4237930000.0
2018-11-03,2728.1433923333334,4033060000.0
2018-11-04,2733.2267256666664,3828190000.0
2018-11-05,2738.310059,3623320000.0
2018-11-06,2755.449951,3510860000.0
2018-11-07,2813.889893,3914750000.0
2018-11-08,2806.830078,3630490000.0
2018-11-09,2781.01001,4019090000.0
2018-11-10,2762.746663666667,3903036666.6666665
2018-11-11,2744.483317333333,3786983333.3333335
2018-11-12,2726.219971,3670930000.0
2018-11-13,2722.179932,4091440000.0
2018-11-14,2701.580078,4402370000.0
2018-11-15,2730.199951,4179140000.0
2018-11-16,2736.27002,3975180000.0
2018-11-17,2721.090006666667,3907753333.3333335
2018-11-18,2705.909993333333,3840326666.6666665
2018-11-19,2690.72998,3772900000.0
2018-11-20,2641.889893,4357900000.0
2018-11-21,2649.929932,3233550000.0
2018-11-22,2641.2449955,2442600000.0
2018-11-23,2632.560059,1651650000.0
2018-11-24,2646.190023,2249083333.3333335
2018-11-25,2659.819987,2846516666.666667
2018-11-26,2673.449951,3443950000.0
2018-11-27,2682.169922,3485220000.0
2018-11-28,2743.790039,3951670000.0
2018-11-29,2737.800049,3560770000.0
2018-11-30,2760.169922,4658580000.0
2018-12-01,2770.236653666667,4501073333.333333
2018-12-02,2780.3033853333336,4343566666.666667
2018-12-03,2790.3701170000004,4186060000.0
2018-12-04,2700.060059,4499840000.0
2018-12-05,2698.005005,4820655000.0
2018-12-06,2695.949951,5141470000.0
2018-12-07,2633.080078,4216690000.0
2018-12-08,2634.626709,4194803333.3333335
2018-12-09,2636.17334,4172916666.6666665
2018-12-10,2637.719971,4151030000.0
2018-12-11,2636.780029,3905870000.0
2018-12-12,2651.070068,3958890000.0
2018-12-13,2650.540039,3927720000.0
2018-12-14,2599.949951,4035020000.0
2018-12-15,2581.9466143333334,4228796666.6666665
2018-12-16,2563.9432776666667,4422573333.333333
2018-12-17,2545.939941,4616350000.0
2018-12-18,2546.159912,4470880000.0
2018-12-19,2506.959961,5127940000.0
2018-12-20,2467.419922,5585780000.0
2018-12-21,2416.6201170000004,7609010000.0
2018-12-22,2394.780110666667,5943983333.333333
2018-12-23,2372.9401043333332,4278956666.6666665
2018-12-24,2351.100098,2613930000.0
2018-12-25,2409.4000244999997,3423960000.0
2018-12-26,2467.699951,4233990000.0
2018-12-27,2488.830078,4096610000.0
2018-12-28,2485.73999,3702620000.0
2018-12-29,2492.776692666667,3616036666.6666665
2018-12-30,2499.813395333333,3529453333.3333335
2018-12-31,2506.850098,3442870000.0
2019-01-01,2508.4400635,3588015000.0
2019-01-02,2510.030029,3733160000.0
2019-01-03,2447.889893,3822860000.0
2019-01-04,2531.939941,4213410000.0
2019-01-05,2537.8566076666666,4177176666.6666665
2019-01-06,2543.7732743333336,4140943333.3333335
2019-01-07,2549.689941,4104710000.0
2019-01-08,2574.409912,4083030000.0
2019-01-09,2584.959961,4052480000.0
2019-01-10,2596.639893,3704500000.0
2019-01-11,2596.26001,3434490000.0
2019-01-12,2591.710042333333,3511143333.3333335
2019-01-13,2587.160074666667,3587796666.6666665
2019-01-14,2582.610107,3664450000.0
2019-01-15,2610.300049,3572330000.0
2019-01-16,2616.100098,3863770000.0
2019-01-17,2635.959961,3772270000.0
2019-01-18,2670.709961,3986730000.0
2019-01-19,2661.25744625,3967055000.0
2019-01-20,2651.8049315,3947380000.0
2019-01-21,2642.35241675,3927705000.0
2019-01-22,2632.899902,3908030000.0
2019-01-23,2638.699951,3335610000.0
2019-01-24,2642.330078,3433250000.0
2019-01-25,2664.76001,3814080000.0
2019-01-26,2657.7900393333334,3746990000.0
2019-01-27,2650.8200686666664,3679900000.0
2019-01-28,2643.850098,3612810000.0
2019-01-29,2640.0,3504200000.0
2019-01-30,2681.050049,3867810000.0
2019-01-31,2704.100098,4917650000.0
2019-02-01,2706.530029,3759270000.0
2019-02-02,2712.643391666667,3626126666.6666665
2019-02-03,2718.7567543333334,3492983333.3333335
2019-02-04,2724.8701170000004,3359840000.0
2019-02-05,2737.699951,3560430000.0
2019-02-06,2731.610107,3472690000.0
2019-02-07,2706.050049,4099490000.0
2019-02-08,2707.8798829999996,3622330000.0
2019-02-09,2708.519938333333,3535543333.3333335
2019-02-10,2709.1599936666667,3448756666.6666665
2019-02-11,2709.800049,3361970000.0
2019-02-12,2744.72998,3827770000.0
2019-02-13,2753.030029,3670770000.0
2019-02-14,2745.72998,3836700000.0
2019-02-15,2775.600098,3641370000.0
2019-02-16,2776.6400759999997,3614455000.0
2019-02-17,2777.680054,3587540000.0
2019-02-18,2778.720032,3560625000.0
2019-02-19,2779.76001,3533710000.0
2019-02-20,2784.699951,3835450000.0
2019-02-21,2774.8798829999996,3559710000.0
2019-02-22,2792.669922,3427810000.0
2019-02-23,2793.816650333333,3553333333.3333335
2019-02-24,2794.963378666667,3678856666.6666665
2019-02-25,2796.110107,3804380000.0
2019-02-26,2793.899902,3645680000.0
2019-02-27,2792.3798829999996,3767130000.0
2019-02-28,2784.48999,4396930000.0
2019-03-01,2803.689941,3972280000.0
2019-03-02,2800.0633136666665,3954790000.0
2019-03-03,2796.4366863333335,3937300000.0
2019-03-04,2792.810059,3919810000.0
2019-03-05,2789.649902,3585690000.0
2019-03-06,2771.449951,3786600000.0
2019-03-07,2748.929932,3904860000.0
2019-03-08,2743.070068,3423130000.0
2019-03-09,2756.4800616666666,3531763333.3333335
2019-03-10,2769.8900553333333,3640396666.6666665
2019-03-11,2783.300049,3749030000.0
2019-03-12,2791.52002,3414230000.0
2019-03-13,2810.919922,3766150000.0
2019-03-14,2808.47998,3469730000.0
2019-03-15,2822.47998,5962730000.0
2019-03-16,2825.966633666667,5159216666.666667
2019-03-17,2829.4532873333333,4355703333.333333
2019-03-18,2832.939941,3552190000.0
2019-03-19,2832.570068,3620220000.0
2019-03-20,2824.22998,3771200000.0
2019-03-21,2854.8798829999996,3546800000.0
2019-03-22,2800.709961,4237200000.0
2019-03-23,2799.9266763333335,3950326666.6666665
2019-03-24,2799.1433916666665,3663453333.3333335
2019-03-25,2798.360107,3376580000.0
2019-03-26,2818.459961,3266050000.0
2019-03-27,2805.3701170000004,3372930000.0
2019-03-28,2815.439941,3158170000.0
2019-03-29,2834.399902,3740700000.0
2019-03-30,2845.3299150000003,3660720000.0
2019-03-31,2856.259928,3580740000.0
2019-04-01,2867.189941,3500760000.0
2019-04-02,2867.23999,3246900000.0
2019-04-03,2873.399902,3550240000.0
2019-04-04,2879.389893,3015180000.0
2019-04-05,2892.73999,3146820000.0
2019-04-06,2893.75,3115890000.0
2019-04-07,2894.76001,3084960000.0
2019-04-08,2895.77002,3054030000.0
2019-04-09,2878.199951,3007980000.0
2019-04-10,2888.209961,3062380000.0
2019-04-11,2888.320068,2938540000.0
2019-04-12,2907.409912,3688490000.0
2019-04-13,2906.7999673333334,3488436666.6666665
2019-04-14,2906.1900226666667,3288383333.3333335
2019-04-15,2905.580078,3088330000.0
2019-04-16,2907.060059,3402210000.0
2019-04-17,2900.449951,3602300000.0
2019-04-18,2905.030029,3506850000.0
2019-04-19,2905.7650145,3379625000.0
2019-04-20,2906.5,3252400000.0
2019-04-21,2907.2349855,3125175000.0
2019-04-22,2907.969971,2997950000.0
2019-04-23,2933.679932,3635030000.0
2019-04-24,2927.25,3448960000.0
2019-04-25,2926.169922,3425280000.0
2019-04-26,2939.8798829999996,3248500000.0
2019-04-27,2940.9299316666666,3205260000.0
2019-04-28,2941.979980333333,3162020000.0
2019-04-29,2943.030029,3118780000.0
2019-04-30,2945.830078,3919330000.0
2019-05-01,2923.72998,3645850000.0
2019-05-02,2917.52002,3778890000.0
2019-05-03,2945.639893,3338120000.0
2019-05-04,2941.249919,3285920000.0
2019-05-05,2936.859945,3233720000.0
2019-05-06,2932.469971,3181520000.0
2019-05-07,2884.050049,3767100000.0
2019-05-08,2879.419922,3485790000.0
2019-05-09,2870.719971,3638820000.0
2019-05-10,2881.399902,3529600000.0
2019-05-11,2858.223307,3651076666.6666665
2019-05-12,2835.0467120000003,3772553333.3333335
2019-05-13,2811.8701170000004,3894030000.0
2019-05-14,2834.409912,3322720000.0
2019-05-15,2850.959961,3125950000.0
2019-05-16,2876.320068,3338060000.0
2019-05-17,2859.530029,3257950000.0
2019-05-18,2853.096679333333,3268256666.6666665
2019-05-19,2846.663329666667,3278563333.3333335
2019-05-20,2840.22998,3288870000.0
2019-05-21,2864.360107,3218700000.0
2019-05-22,2856.27002,3192510000.0
2019-05-23,2822.23999,3891980000.0
2019-05-24,2826.060059,2887390000.0
2019-05-25,2820.1425175,3195895000.0
2019-05-26,2814.224976,3504400000.0
2019-05-27,2808.3074345,3812905000.0
2019-05-28,2802.389893,4121410000.0
2019-05-29,2783.02002,3700050000.0
2019-05-30,2788.860107,3273790000.0
2019-05-31,2752.060059,3981020000.0
2019-06-01,2749.523356333333,3976246666.6666665
2019-06-02,2746.986653666667,3971473333.3333335
2019-06-03,2744.449951,3966700000.0
2019-06-04,2803.27002,3810430000.0
2019-06-05,2826.149902,3548830000.0
2019-06-06,2843.48999,3396410000.0
2019-06-07,2873.340088,3220250000.0
2019-06-08,2877.803385333333,3216570000.0
2019-06-09,2882.266682666667,3212890000.0
2019-06-10,2886.72998,3209210000.0
2019-06-11,2885.719971,3548420000.0
2019-06-12,2879.840088,3034130000.0
2019-06-13,2891.639893,3069810000.0
2019-06-14,2886.97998,2922330000.0
2019-06-15,2887.8766273333335,2884933333.3333335
2019-06-16,2888.7732746666666,2847536666.6666665
2019-06-17,2889.669922,2810140000.0
2019-06-18,2917.75,3437620000.0
2019-06-19,2926.459961,3287890000.0
2019-06-20,2954.179932,3905940000.0
2019-06-21,2950.459961,5000120000.0
2019-06-22,2948.7566733333333,4378830000.0
2019-06-23,2947.0533856666666,3757540000.0
2019-06-24,2945.350098,3136250000.0
2019-06-25,2917.3798829999996,3578050000.0
2019-06-26,2913.780029,3478130000.0
2019-06-27,2924.919922,3122920000.0
2019-06-28,2941.76001,5420700000.0
2019-06-29,2949.283366,4784890000.0
2019-06-30,2956.806722,4149080000.0
2019-07-01,2964.330078,3513270000.0
2019-07-02,2973.01001,3206840000.0
2019-07-03,2995.820068,1963720000.0
2019-07-04,2993.11499,2198965000.0
2019-07-05,2990.409912,2434210000.0
2019-07-06,2985.589925,2590990000.0
2019-07-07,2980.769938,2747770000.0
2019-07-08,2975.949951,2904550000.0
2019-07-09,2979.6298829999996,3028210000.0
2019-07-10,2993.070068,3154240000.0
2019-07-11,2999.909912,3154620000.0
2019-07-12,3013.77002,2974960000.0
2019-07-13,3013.9466963333334,2941630000.0
2019-07-14,3014.1233726666665,2908300000.0
2019-07-15,3014.300049,2874970000.0
2019-07-16,3004.040039,3290650000.0
2019-07-17,2984.419922,3181600000.0
2019-07-18,2995.110107,3296580000.0
2019-07-19,2976.610107,3260360000.0
2019-07-20,2979.4167476666667,3174813333.3333335
2019-07-21,2982.2233883333333,3089266666.6666665
2019-07-22,2985.030029,3003720000.0
2019-07-23,3005.469971,3313660000.0
2019-07-24,3019.560059,3428980000.0
2019-07-25,3003.669922,3645270000.0
2019-07-26,3025.860107,3257590000.0
2019-07-27,3024.2300616666666,3239630000.0
2019-07-28,3022.6000163333333,3221670000.0
2019-07-29,3020.969971,3203710000.0
2019-07-30,3013.179932,3634330000.0
2019-07-31,2980.3798829999996,4623430000.0
2019-08-01,2953.560059,4762300000.0
2019-08-02,2932.050049,3874660000.0
2019-08-03,2902.946696,4087683333.3333335
2019-08-04,2873.843343,4300706666.666667
2019-08-05,2844.73999,4513730000.0
2019-08-06,2881.77002,4154240000.0
2019-08-07,2883.97998,4491750000.0
2019-08-08,2938.090088,4106370000.0
2019-08-09,2918.649902,3350640000.0
2019-08-10,2906.666585,3184303333.3333335
2019-08-11,2894.683268,3017966666.6666665
2019-08-12,2882.699951,2851630000.0
2019-08-13,2926.320068,3853600000.0
2019-08-14,2840.600098,4312530000.0
2019-08-15,2847.600098,4038000000.0
2019-08-16,2888.679932,3498150000.0
2019-08-17,2900.3365886666666,3403060000.0
2019-08-18,2911.9932453333336,3307970000.0
2019-08-19,2923.649902,3212880000.0
2019-08-20,2900.51001,3066300000.0
2019-08-21,2924.429932,3011190000.0
2019-08-22,2922.949951,2890880000.0
2019-08-23,2847.110107,3937300000.0
2019-08-24,2857.5333656666667,3577400000.0
2019-08-25,2867.956624333333,3217500000.0
2019-08-26,2878.3798829999996,2857600000.0
2019-08-27,2869.159912,3533630000.0
2019-08-28,2887.939941,3097420000.0
2019-08-29,2924.580078,3176190000.0
2019-08-30,2926.459961,3008450000.0
2019-08-31,2921.41247575,3113035000.0
2019-09-01,2916.3649905,3217620000.0
2019-09-02,2911.31750525,3322205000.0
2019-09-03,2906.27002,3426790000.0
2019-09-04,2937.780029,3163260000.0
2019-09-05,2976.0,3890700000.0
2019-09-06,2978.709961,3208280000.0
2019-09-07,2978.616618,3473150000.0
2019-09-08,2978.523275,3738020000.0
2019-09-09,2978.429932,4002890000.0
2019-09-10,2979.389893,4390770000.0
2019-09-11,3000.929932,3927550000.0
2019-09-12,3009.570068,3791860000.0
2019-09-13,3007.389893,3520060000.0
2019-09-14,3004.246582333333,3771586666.6666665
2019-09-15,3001.103271666667,4023113333.3333335
2019-09-16,2997.959961,4274640000.0
2019-09-17,3005.699951,3671840000.0
2019-09-18,3006.72998,3435540000.0
2019-09-19,3006.790039,3251290000.0
2019-09-20,2992.070068,6094740000.0
2019-09-21,2991.9733883333333,5125356666.666667
2019-09-22,2991.8767086666667,4155973333.333333
2019-09-23,2991.780029,3186590000.0
2019-09-24,2966.600098,3868160000.0
2019-09-25,2984.8701170000004,3318870000.0
2019-09-26,2977.6201170000004,3077240000.0
2019-09-27,2961.790039,3243650000.0
2019-09-28,2966.773356,3244970000.0
2019-09-29,2971.756673,3246290000.0
2019-09-30,2976.73999,3247610000.0
