Date,Popularity
2013-05-01,0.21514476614699332
2013-05-02,0.1910913140311804
2013-05-03,0.2391982182628064
2013-05-04,0.30334075723830733
2013-05-05,0.27928730512249444
2013-05-06,0.25523385300668155
2013-05-07,0.2632516703786192
2013-05-08,0.2311804008908686
2013-05-09,0.2311804008908686
2013-05-10,0.2311804008908686
2013-05-11,0.3674832962138084
2013-05-12,0.2632516703786192
2013-05-13,0.27928730512249444
2013-05-14,0.311358574610245
2013-05-15,0.3273942093541203
2013-05-16,0.311358574610245
2013-05-17,0.31937639198218265
2013-05-18,0.4556792873051225
2013-05-19,0.4075723830734967
2013-05-20,0.3755011135857461
2013-05-21,0.3354120267260579
2013-05-22,0.3755011135857461
2013-05-23,0.4075723830734967
2013-05-24,0.5037861915367483
2013-05-25,0.688195991091314
2013-05-26,0.6801781737193764
2013-05-27,0.5518930957683742
2013-05-28,0.399554565701559
2013-05-29,0.3915367483296214
2013-05-30,0.3273942093541203
2013-05-31,0.4075723830734967
2013-06-01,0.6768374164810692
2013-06-02,0.7275055679287306
2013-06-03,0.5957683741648107
2013-06-04,0.5248329621380847
2013-06-05,0.5856347438752784
2013-06-06,0.5653674832962138
2013-06-07,0.5856347438752784
2013-06-08,0.7883073496659244
2013-06-09,0.707238307349666
2013-06-10,0.5957683741648107
2013-06-11,0.6464365256124722
2013-06-12,0.6667037861915368
2013-06-13,0.6971046770601336
2013-06-14,0.6971046770601336
2013-06-15,0.8187082405345211
2013-06-16,0.7477728285077953
2013-06-17,0.707238307349666
2013-06-18,0.6667037861915368
2013-06-19,0.6869710467706014
2013-06-20,0.6363028953229399
2013-06-21,0.7173719376391984
2013-06-22,0.8896436525612472
2013-06-23,0.8896436525612472
2013-06-24,0.7376391982182627
2013-06-25,0.6869710467706014
2013-06-26,0.6768374164810692
2013-06-27,0.7376391982182627
2013-06-28,0.7579064587973275
2013-06-29,0.8997772828507794
2013-06-30,0.879510022271715
2013-07-01,0.7095768374164811
2013-07-02,0.6775055679287304
2013-07-03,0.7951002227171492
2013-07-04,0.934075723830735
2013-07-05,0.9554565701559019
2013-07-06,0.9233853006681514
2013-07-07,0.7844097995545657
2013-07-08,0.6561247216035636
2013-07-09,0.64543429844098
2013-07-10,0.6240534521158129
2013-07-11,0.5812917594654788
2013-07-12,0.6561247216035636
2013-07-13,0.7416481069042317
2013-07-14,0.7202672605790645
2013-07-15,0.688195991091314
2013-07-16,0.5812917594654788
2013-07-17,0.6668151447661469
2013-07-18,0.5919821826280623
2013-07-19,0.688195991091314
2013-07-20,0.7737193763919821
2013-07-21,0.7630289532293986
2013-07-22,0.64543429844098
2013-07-23,0.6133630289532295
2013-07-24,0.5812917594654788
2013-07-25,0.6240534521158129
2013-07-26,0.64543429844098
2013-07-27,0.8057906458797328
2013-07-28,0.7737193763919821
2013-07-29,0.6988864142538975
2013-07-30,0.5599109131403118
2013-07-31,0.5919821826280623
2013-08-01,0.513140311804009
2013-08-02,0.5280623608017818
2013-08-03,0.602672605790646
2013-08-04,0.6325167037861915
2013-08-05,0.5653674832962139
2013-08-06,0.5355233853006682
2013-08-07,0.5280623608017818
2013-08-08,0.49075723830734974
2013-08-09,0.5877505567928731
2013-08-10,0.5802895322939867
2013-08-11,0.6175946547884188
2013-08-12,0.43853006681514484
2013-08-13,0.40122494432071276
2013-08-14,0.4310690423162584
2013-08-15,0.40122494432071276
2013-08-16,0.4310690423162584
2013-08-17,0.4683741648106905
2013-08-18,0.45345211581291767
2013-08-19,0.35645879732739416
2013-08-20,0.2967706013363029
2013-08-21,0.28930957683741654
2013-08-22,0.3042316258351893
2013-08-23,0.3415367483296214
2013-08-24,0.3489977728285078
2013-08-25,0.31169265033407584
2013-08-26,0.2221603563474389
2013-08-27,0.2520044543429846
2013-08-28,0.26692650334075724
2013-08-29,0.2967706013363029
2013-08-30,0.3191536748329621
2013-08-31,0.49075723830734974
2013-09-01,0.3429844097995546
2013-09-02,0.2836302895322939
2013-09-03,0.11469933184855235
2013-09-04,0.08273942093541194
2013-09-05,0.09187082405345222
2013-09-06,0.10556792873051236
2013-09-07,0.1740534521158129
2013-09-08,0.1557906458797328
2013-09-09,0.11469933184855235
2013-09-10,0.08273942093541194
2013-09-11,0.1375278396436525
2013-09-12,0.10556792873051236
2013-09-13,0.1283964365256125
2013-09-14,0.19688195991091306
2013-09-15,0.12383073496659236
2013-09-16,0.11013363028953237
2013-09-17,0.11926503340757236
2013-09-18,0.10100222717149222
2013-09-19,0.11469933184855235
2013-09-20,0.1283964365256125
2013-09-21,0.17861915367483291
2013-09-22,0.1512249443207128
2013-09-23,0.1329621380846325
2013-09-24,0.11013363028953237
2013-09-25,0.11013363028953237
2013-09-26,0.11013363028953237
2013-09-27,0.1557906458797328
2013-09-28,0.22884187082405347
2013-09-29,0.19688195991091306
2013-09-30,0.12383073496659236
2013-10-01,0.05556792873051222
2013-10-02,0.07739420935412028
2013-10-03,0.07193763919821819
2013-10-04,0.07193763919821819
2013-10-05,0.12650334075723835
2013-10-06,0.10467706013363028
2013-10-07,0.07193763919821819
2013-10-08,0.05011135857461028
2013-10-09,0.06648106904231625
2013-10-10,0.07739420935412028
2013-10-11,0.07193763919821819
2013-10-12,0.12650334075723835
2013-10-13,0.1155902004454343
2013-10-14,0.05556792873051222
2013-10-15,0.061024498886414306
2013-10-16,0.033741648106904304
2013-10-17,0.05556792873051222
2013-10-18,0.07193763919821819
2013-10-19,0.13195991091314027
2013-10-20,0.09922048997772834
2013-10-21,0.05556792873051222
2013-10-22,0.05556792873051222
2013-10-23,0.061024498886414306
2013-10-24,0.07739420935412028
2013-10-25,0.43207126948775054
2013-10-26,0.41024498886414257
2013-10-27,0.23017817371937638
2013-10-28,0.2629175946547885
2013-10-29,0.07193763919821819
2013-10-30,0.061024498886414306
2013-10-31,0.028285077951002224
2013-11-01,0.17371937639198223
2013-11-02,0.2216035634743875
2013-11-03,0.3652561247216035
2013-11-04,0.11146993318485528
2013-11-05,0.08273942093541194
2013-11-06,0.08273942093541194
2013-11-07,0.08273942093541194
2013-11-08,0.10189309576837417
2013-11-09,0.19766146993318487
2013-11-10,0.17371937639198223
2013-11-11,0.17850779510022277
2013-11-12,0.11625835189309583
2013-11-13,0.16893095768374167
2013-11-14,0.10668151447661472
2013-11-15,0.1258351893095768
2013-11-16,0.1832962138084632
2013-11-17,0.14020044543429833
2013-11-18,0.11146993318485528
2013-11-19,0.0971046770601336
2013-11-20,0.10668151447661472
2013-11-21,0.10668151447661472
2013-11-22,0.0971046770601336
2013-11-23,0.1497772828507796
2013-11-24,0.1497772828507796
2013-11-25,0.10668151447661472
2013-11-26,0.1306236080178175
2013-11-27,0.1306236080178175
2013-11-28,0.1832962138084632
2013-11-29,0.22639198218262804
2013-11-30,0.1928730512249443
2013-12-01,0.10734966592427625
2013-12-02,0.06458797327394208
2013-12-03,0.08596881959910917
2013-12-04,0.09309576837416486
2013-12-05,0.05746102449888639
2013-12-06,0.10734966592427625
2013-12-07,0.12873051224944335
2013-12-08,0.16436525612472166
2013-12-09,0.15723830734966582
2013-12-10,0.15011135857461028
2013-12-11,0.10734966592427625
2013-12-12,0.12160356347438764
2013-12-13,0.16436525612472166
2013-12-14,0.2285077951002228
2013-12-15,0.23563474387527847
2013-12-16,0.24276169265033404
2013-12-17,0.24276169265033404
2013-12-18,0.2712694877505568
2013-12-19,0.32115812917594655
2013-12-20,0.399554565701559
2013-12-21,0.5278396436525612
2013-12-22,0.4779510022271715
2013-12-23,0.5135857461024499
2013-12-24,0.3853006681514477
2013-12-25,0.399554565701559
2013-12-26,0.44231625835189314
2013-12-27,0.48507795100222717
2013-12-28,0.5278396436525612
2013-12-29,0.5991091314031181
2013-12-30,0.4779510022271715
2013-12-31,0.4138084632516704
2014-01-01,0.4365256124721604
2014-01-02,0.465478841870824
2014-01-03,0.401781737193764
2014-01-04,0.42494432071269483
2014-01-05,0.32650334075723836
2014-01-06,0.23964365256124723
2014-01-07,0.2106904231625836
2014-01-08,0.21648106904231626
2014-01-09,0.24543429844098
2014-01-10,0.2685968819599108
2014-01-11,0.27438752783964376
2014-01-12,0.285968819599109
2014-01-13,0.19331848552338526
2014-01-14,0.2048997772828507
2014-01-15,0.21648106904231626
2014-01-16,0.2106904231625836
2014-01-17,0.2048997772828507
2014-01-18,0.30334075723830733
2014-01-19,0.31492204899777293
2014-01-20,0.24543429844098
2014-01-21,0.2106904231625836
2014-01-22,0.22227171492204903
2014-01-23,0.18173719376391986
2014-01-24,0.22227171492204903
2014-01-25,0.29755011135857456
2014-01-26,0.2280623608017818
2014-01-27,0.1759465478841871
2014-01-28,0.14120267260579056
2014-01-29,0.16436525612472166
2014-01-30,0.16436525612472166
2014-01-31,0.16436525612472166
2014-02-01,0.21692650334075736
2014-02-02,0.2110244988864143
2014-02-03,0.14020044543429847
2014-02-04,0.18741648106904235
2014-02-05,0.16971046770601333
2014-02-06,0.12249443207126959
2014-02-07,0.1283964365256125
2014-02-08,0.19922048997772834
2014-02-09,0.19331848552338526
2014-02-10,0.31726057906458804
2014-02-11,0.1815144766146993
2014-02-12,0.1756124721603564
2014-02-13,0.19922048997772834
2014-02-14,0.14610244988864138
2014-02-15,0.311358574610245
2014-02-16,0.4766146993318485
2014-02-17,0.28775055679287304
2014-02-18,0.1815144766146993
2014-02-19,0.19331848552338526
2014-02-20,0.1756124721603564
2014-02-21,0.18741648106904235
2014-02-22,0.2641425389755011
2014-02-23,0.37037861915367487
2014-02-24,0.22282850779510027
2014-02-25,0.2051224944320714
2014-02-26,0.19331848552338526
2014-02-27,0.22873051224944332
2014-02-28,0.22873051224944332
2014-03-01,0.48797327394209344
2014-03-02,0.38229398663697106
2014-03-03,0.34164810690423153
2014-03-04,0.3904231625835189
2014-03-05,0.3660356347438753
2014-03-06,0.3985523385300669
2014-03-07,0.528619153674833
2014-03-08,0.6342984409799555
2014-03-09,0.6586859688195991
2014-03-10,0.6993318485523387
2014-03-11,0.6261692650334075
2014-03-12,0.5855233853006682
2014-03-13,0.528619153674833
2014-03-14,0.593652561247216
2014-03-15,0.6017817371937639
2014-03-16,0.5611358574610245
2014-03-17,0.46358574610244985
2014-03-18,0.4310690423162583
2014-03-19,0.4229398663697105
2014-03-20,0.41481069042316254
2014-03-21,0.5367483296213809
2014-03-22,0.6099109131403118
2014-03-23,0.5042316258351893
2014-03-24,0.48797327394209344
2014-03-25,0.4473273942093541
2014-03-26,0.41481069042316254
2014-03-27,0.4310690423162583
2014-03-28,0.4229398663697105
2014-03-29,0.49610244988864144
2014-03-30,0.49610244988864144
2014-03-31,0.3904231625835189
2014-04-01,0.3853006681514477
2014-04-02,0.420935412026726
2014-04-03,0.399554565701559
2014-04-04,0.43518930957683744
2014-04-05,0.49933184855233853
2014-04-06,0.4636971046770602
2014-04-07,0.399554565701559
2014-04-08,0.4138084632516704
2014-04-09,0.4565701559020045
2014-04-10,0.43518930957683744
2014-04-11,0.4922048997772828
2014-04-12,0.5991091314031181
2014-04-13,0.5706013363028952
2014-04-14,0.49933184855233853
2014-04-15,0.4779510022271715
2014-04-16,0.4138084632516704
2014-04-17,0.5207126948775056
2014-04-18,0.4494432071269488
2014-04-19,0.5207126948775056
2014-04-20,0.4708240534521158
2014-04-21,0.4138084632516704
2014-04-22,0.3853006681514477
2014-04-23,0.44231625835189314
2014-04-24,0.39242761692650335
2014-04-25,0.4636971046770602
2014-04-26,0.4922048997772828
2014-04-27,0.4779510022271715
2014-04-28,0.3639198218262807
2014-04-29,0.44231625835189314
2014-04-30,0.3639198218262807
2014-05-01,0.28775055679287304
2014-05-02,0.27260579064587986
2014-05-03,0.33318485523385305
2014-05-04,0.3407572383073497
2014-05-05,0.2574610244988864
2014-05-06,0.2953229398663697
2014-05-07,0.23474387527839652
2014-05-08,0.24988864142538972
2014-05-09,0.2574610244988864
2014-05-10,0.35590200445434306
2014-05-11,0.28017817371937637
2014-05-12,0.2423162583518932
2014-05-13,0.24988864142538972
2014-05-14,0.2953229398663697
2014-05-15,0.3028953229398664
2014-05-16,0.3256124721603564
2014-05-17,0.45434298440979964
2014-05-18,0.41648106904231624
2014-05-19,0.3861915367483297
2014-05-20,0.3256124721603564
2014-05-21,0.31046770601336304
2014-05-22,0.3180400890868597
2014-05-23,0.5982182628062361
2014-05-24,0.5073496659242762
2014-05-25,0.6436525612472161
2014-05-26,0.45434298440979964
2014-05-27,0.31046770601336304
2014-05-28,0.3180400890868597
2014-05-29,0.3180400890868597
2014-05-30,0.2953229398663697
2014-05-31,0.3483296213808464
2014-06-01,0.5042316258351893
2014-06-02,0.5042316258351893
2014-06-03,0.45345211581291767
2014-06-04,0.37728285077951
2014-06-05,0.4365256124721604
2014-06-06,0.4703786191536748
2014-06-07,0.5380846325167038
2014-06-08,0.5634743875278396
2014-06-09,0.4703786191536748
2014-06-10,0.46191536748329626
2014-06-11,0.4280623608017817
2014-06-12,0.4280623608017817
2014-06-13,0.3942093541202673
2014-06-14,0.5380846325167038
2014-06-15,0.45345211581291767
2014-06-16,0.46191536748329626
2014-06-17,0.4280623608017817
2014-06-18,0.5042316258351893
2014-06-19,0.512694877505568
2014-06-20,0.5973273942093542
2014-06-21,0.7327394209354119
2014-06-22,0.5973273942093542
2014-06-23,0.5550111358574611
2014-06-24,0.5550111358574611
2014-06-25,0.512694877505568
2014-06-26,0.5296213808463252
2014-06-27,0.512694877505568
2014-06-28,0.62271714922049
2014-06-29,0.6819599109131402
2014-06-30,0.7158129175946548
2014-07-01,0.6481069042316259
2014-07-02,0.66815144766147
2014-07-03,0.7884187082405344
2014-07-04,0.888641425389755
2014-07-05,0.8385300668151447
2014-07-06,0.7884187082405344
2014-07-07,0.6180400890868597
2014-07-08,0.5278396436525612
2014-07-09,0.6180400890868597
2014-07-10,0.5879732739420935
2014-07-11,0.6581291759465477
2014-07-12,0.7884187082405344
2014-07-13,0.7483296213808464
2014-07-14,0.678173719376392
2014-07-15,0.6380846325167038
2014-07-16,0.6380846325167038
2014-07-17,0.6280623608017818
2014-07-18,0.6481069042316259
2014-07-19,0.8585746102449889
2014-07-20,0.7583518930957683
2014-07-21,0.66815144766147
2014-07-22,0.688195991091314
2014-07-23,0.6280623608017818
2014-07-24,0.6280623608017818
2014-07-25,0.6180400890868597
2014-07-26,0.7884187082405344
2014-07-27,0.6982182628062361
2014-07-28,0.6481069042316259
2014-07-29,0.5779510022271716
2014-07-30,0.5579064587973275
2014-07-31,0.6481069042316259
2014-08-01,0.5374164810690424
2014-08-02,0.5868596881959911
2014-08-03,0.5456570155902005
2014-08-04,0.45501113585746106
2014-08-05,0.4138084632516704
2014-08-06,0.4632516703786191
2014-08-07,0.4138084632516704
2014-08-08,0.4385300668151448
2014-08-09,0.4797327394209354
2014-08-10,0.45501113585746106
2014-08-11,0.38084632516703787
2014-08-12,0.29844097995545654
2014-08-13,0.4467706013363029
2014-08-14,0.4797327394209354
2014-08-15,0.6115812917594655
2014-08-16,0.5951002227171492
2014-08-17,0.7104677060133631
2014-08-18,0.5538975501113585
2014-08-19,0.37260579064587973
2014-08-20,0.38084632516703787
2014-08-21,0.4467706013363029
2014-08-22,0.37260579064587973
2014-08-23,0.4632516703786191
2014-08-24,0.34788418708240526
2014-08-25,0.26547884187082404
2014-08-26,0.29020044543429846
2014-08-27,0.23251670378619152
2014-08-28,0.26547884187082404
2014-08-29,0.27371937639198224
2014-08-30,0.39732739420935415
2014-08-31,0.4138084632516704
2014-09-01,0.32071269487750553
2014-09-02,0.1687082405345211
2014-09-03,0.1383073496659243
2014-09-04,0.11224944320712694
2014-09-05,0.17739420935412029
2014-09-06,0.2555679287305124
2014-09-07,0.19910913140311806
2014-09-08,0.1687082405345211
2014-09-09,0.15567928730512265
2014-09-10,0.17739420935412029
2014-09-11,0.1513363028953229
2014-09-12,0.19476614699331848
2014-09-13,0.29465478841870835
2014-09-14,0.2599109131403117
2014-09-15,0.18173719376391986
2014-09-16,0.17305122494432085
2014-09-17,0.15567928730512265
2014-09-18,0.16002227171492195
2014-09-19,0.1687082405345211
2014-09-20,0.27293986636971057
2014-09-21,0.2338530066815146
2014-09-22,0.1687082405345211
2014-09-23,0.13396436525612473
2014-09-24,0.1426503340757239
2014-09-25,0.14699331848552347
2014-09-26,0.1513363028953229
2014-09-27,0.229510022271715
2014-09-28,0.18173719376391986
2014-09-29,0.1426503340757239
2014-09-30,0.1383073496659243
2014-10-01,0.14599109131403126
2014-10-02,0.17483296213808472
2014-10-03,0.15011135857461028
2014-10-04,0.2778396436525614
2014-10-05,0.24899777282850777
2014-10-06,0.17483296213808472
2014-10-07,0.15835189309576847
2014-10-08,0.20367483296213806
2014-10-09,0.14599109131403126
2014-10-10,0.15423162583518932
2014-10-11,0.28608017817371945
2014-10-12,0.2943207126948775
2014-10-13,0.19955456570155902
2014-10-14,0.10066815144766139
2014-10-15,0.16659242761692653
2014-10-16,0.14599109131403126
2014-10-17,0.16247216035634737
2014-10-18,0.29844097995545654
2014-10-19,0.22839643652561264
2014-10-20,0.13775055679287307
2014-10-21,0.17483296213808472
2014-10-22,0.12538975501113597
2014-10-23,0.16247216035634737
2014-10-24,0.19131403118040083
2014-10-25,0.25723830734966596
2014-10-26,0.17483296213808472
2014-10-27,0.12951002227171485
2014-10-28,0.15835189309576847
2014-10-29,0.08418708240534514
2014-10-30,0.15011135857461028
2014-10-31,0.10478841870824056
2014-11-01,0.17895322939866362
2014-11-02,0.10890868596881972
2014-11-03,0.0965478841870825
2014-11-04,0.10478841870824056
2014-11-05,0.07594654788418709
2014-11-06,0.11302895322939861
2014-11-07,0.13363028953229403
2014-11-08,0.20367483296213806
2014-11-09,0.14599109131403126
2014-11-10,0.14599109131403126
2014-11-11,0.10066815144766139
2014-11-12,0.10890868596881972
2014-11-13,0.12951002227171485
2014-11-14,0.13363028953229403
2014-11-15,0.14187082405345208
2014-11-16,0.12538975501113597
2014-11-17,0.09242761692650334
2014-11-18,0.15011135857461028
2014-11-19,0.0965478841870825
2014-11-20,0.15011135857461028
2014-11-21,0.14187082405345208
2014-11-22,0.17483296213808472
2014-11-23,0.19131403118040083
2014-11-24,0.21191536748329626
2014-11-25,0.15011135857461028
2014-11-26,0.13363028953229403
2014-11-27,0.18719376391982182
2014-11-28,0.28195991091314027
2014-11-29,0.29844097995545654
2014-11-30,0.15835189309576847
2014-12-01,0.06681514476614708
2014-12-02,0.06681514476614708
2014-12-03,0.04677060133630292
2014-12-04,0.07182628062360806
2014-12-05,0.11692650334075722
2014-12-06,0.11692650334075722
2014-12-07,0.12193763919821833
2014-12-08,0.07182628062360806
2014-12-09,0.08184855233853
2014-12-10,0.08184855233853
2014-12-11,0.08685968819599112
2014-12-12,0.19209354120267264
2014-12-13,0.2271714922048997
2014-12-14,0.16202672605790652
2014-12-15,0.10189309576837417
2014-12-16,0.11692650334075722
2014-12-17,0.11692650334075722
2014-12-18,0.07683741648106902
2014-12-19,0.1369710467706014
2014-12-20,0.2021158129175946
2014-12-21,0.25222717149220486
2014-12-22,0.18207126948775054
2014-12-23,0.21213808463251665
2014-12-24,0.18207126948775054
2014-12-25,0.21213808463251665
2014-12-26,0.3223830734966593
2014-12-27,0.38752783964365256
2014-12-28,0.30233853006681516
2014-12-29,0.27728285077951
2014-12-30,0.2221603563474389
2014-12-31,0.17706013363028944
2015-01-01,0.29732739420935417
2015-01-02,0.24253897550111347
2015-01-03,0.3429844097995546
2015-01-04,0.26080178173719387
2015-01-05,0.20144766146993306
2015-01-06,0.16492204899777277
2015-01-07,0.21057906458797335
2015-01-08,0.21057906458797335
2015-01-09,0.19231625835189306
2015-01-10,0.22427616926503346
2015-01-11,0.23797327394209347
2015-01-12,0.20601336302895334
2015-01-13,0.23340757238307347
2015-01-14,0.19688195991091306
2015-01-15,0.18775055679287306
2015-01-16,0.24253897550111347
2015-01-17,0.30189309576837414
2015-01-18,0.29732739420935417
2015-01-19,0.30189309576837414
2015-01-20,0.19231625835189306
2015-01-21,0.18775055679287306
2015-01-22,0.1557906458797328
2015-01-23,0.21514476614699332
2015-01-24,0.26080178173719387
2015-01-25,0.292761692650334
2015-01-26,0.18318485523385306
2015-01-27,0.18318485523385306
2015-01-28,0.24253897550111347
2015-01-29,0.19231625835189306
2015-01-30,0.19688195991091306
2015-01-31,0.29732739420935417
2015-02-01,0.21091314031180403
2015-02-02,0.20044543429844097
2015-02-03,0.21091314031180403
2015-02-04,0.22138084632516708
2015-02-05,0.27371937639198224
2015-02-06,0.24231625835189305
2015-02-07,0.27371937639198224
2015-02-08,0.33129175946547873
2015-02-09,0.32082405345211584
2015-02-10,0.24231625835189305
2015-02-11,0.27895322939866374
2015-02-12,0.21614699331848555
2015-02-13,0.21614699331848555
2015-02-14,0.37316258351893095
2015-02-15,0.3993318485523385
2015-02-16,0.37316258351893095
2015-02-17,0.33129175946547873
2015-02-18,0.2946547884187082
2015-02-19,0.25801781737193763
2015-02-20,0.25801781737193763
2015-02-21,0.4097995545657016
2015-02-22,0.3574610244988864
2015-02-23,0.25801781737193763
2015-02-24,0.24755011135857471
2015-02-25,0.24755011135857471
2015-02-26,0.27371937639198224
2015-02-27,0.34699331848552334
2015-02-28,0.3626948775055679
2015-03-01,0.3639198218262807
2015-03-02,0.2712694877505568
2015-03-03,0.37104677060133634
2015-03-04,0.2926503340757239
2015-03-05,0.32115812917594655
2015-03-06,0.3853006681514477
2015-03-07,0.49933184855233853
2015-03-08,0.4494432071269488
2015-03-09,0.4494432071269488
2015-03-10,0.378173719376392
2015-03-11,0.37104677060133634
2015-03-12,0.356792873051225
2015-03-13,0.49933184855233853
2015-03-14,0.48507795100222717
2015-03-15,0.4708240534521158
2015-03-16,0.4494432071269488
2015-03-17,0.4066815144766147
2015-03-18,0.37104677060133634
2015-03-19,0.4636971046770602
2015-03-20,0.420935412026726
2015-03-21,0.4636971046770602
2015-03-22,0.4708240534521158
2015-03-23,0.4138084632516704
2015-03-24,0.4636971046770602
2015-03-25,0.4636971046770602
2015-03-26,0.39242761692650335
2015-03-27,0.4636971046770602
2015-03-28,0.5349665924276169
2015-03-29,0.5991091314031181
2015-03-30,0.5135857461024499
2015-03-31,0.4494432071269488
2015-04-01,0.4610244988864143
2015-04-02,0.5011135857461024
2015-04-03,0.4743875278396436
2015-04-04,0.5545657015590201
2015-04-05,0.5211581291759465
2015-04-06,0.4610244988864143
2015-04-07,0.4543429844097996
2015-04-08,0.44766146993318484
2015-04-09,0.420935412026726
2015-04-10,0.38084632516703787
2015-04-11,0.5011135857461024
2015-04-12,0.4342984409799554
2015-04-13,0.35412026726057905
2015-04-14,0.38084632516703787
2015-04-15,0.3273942093541203
2015-04-16,0.35412026726057905
2015-04-17,0.3407572383073496
2015-04-18,0.3942093541202673
2015-04-19,0.40089086859688194
2015-04-20,0.35412026726057905
2015-04-21,0.2873051224944321
2015-04-22,0.31403118040089084
2015-04-23,0.32071269487750553
2015-04-24,0.40089086859688194
2015-04-25,0.46770601336302886
2015-04-26,0.4743875278396436
2015-04-27,0.3474387527839643
2015-04-28,0.3608017817371938
2015-04-29,0.3273942093541203
2015-04-30,0.3407572383073496
2015-05-01,0.24832962138084638
2015-05-02,0.284521158129176
2015-05-03,0.284521158129176
2015-05-04,0.2338530066815146
2015-05-05,0.21937639198218264
2015-05-06,0.22661469933184847
2015-05-07,0.24109131403118042
2015-05-08,0.2338530066815146
2015-05-09,0.3351893095768375
2015-05-10,0.22661469933184847
2015-05-11,0.2338530066815146
2015-05-12,0.22661469933184847
2015-05-13,0.22661469933184847
2015-05-14,0.26280623608017833
2015-05-15,0.2338530066815146
2015-05-16,0.32071269487750553
2015-05-17,0.3351893095768375
2015-05-18,0.284521158129176
2015-05-19,0.3062360801781738
2015-05-20,0.2917594654788418
2015-05-21,0.3351893095768375
2015-05-22,0.378619153674833
2015-05-23,0.4871937639198219
2015-05-24,0.6102449888641426
2015-05-25,0.41481069042316265
2015-05-26,0.2555679287305124
2015-05-27,0.3424276169265033
2015-05-28,0.3062360801781738
2015-05-29,0.3062360801781738
2015-05-30,0.41481069042316265
2015-05-31,0.41481069042316265
2015-06-01,0.38218262806236075
2015-06-02,0.41024498886414257
2015-06-03,0.35412026726057905
2015-06-04,0.40089086859688194
2015-06-05,0.44766146993318484
2015-06-06,0.5412026726057906
2015-06-07,0.513140311804009
2015-06-08,0.4944320712694878
2015-06-09,0.3915367483296214
2015-06-10,0.48507795100222717
2015-06-11,0.4383073496659242
2015-06-12,0.466369710467706
2015-06-13,0.5879732739420935
2015-06-14,0.578619153674833
2015-06-15,0.47572383073496655
2015-06-16,0.4570155902004454
2015-06-17,0.41024498886414257
2015-06-18,0.513140311804009
2015-06-19,0.513140311804009
2015-06-20,0.5505567928730513
2015-06-21,0.8218262806236081
2015-06-22,0.5692650334075724
2015-06-23,0.5505567928730513
2015-06-24,0.513140311804009
2015-06-25,0.5318485523385301
2015-06-26,0.6253897550111358
2015-06-27,0.6721603563474388
2015-06-28,0.6815144766146992
2015-06-29,0.5879732739420935
2015-06-30,0.6066815144766147
2015-07-01,0.6631403118040089
2015-07-02,0.5906458797327394
2015-07-03,0.7874164810690425
2015-07-04,0.9220489977728284
2015-07-05,0.8391982182628063
2015-07-06,0.6010022271714922
2015-07-07,0.5802895322939867
2015-07-08,0.6010022271714922
2015-07-09,0.5906458797327394
2015-07-10,0.5906458797327394
2015-07-11,0.7149220489977729
2015-07-12,0.6942093541202674
2015-07-13,0.6217149220489978
2015-07-14,0.5595768374164811
2015-07-15,0.6217149220489978
2015-07-16,0.6010022271714922
2015-07-17,0.6217149220489978
2015-07-18,0.7149220489977729
2015-07-19,0.6838530066815145
2015-07-20,0.5595768374164811
2015-07-21,0.5699331848552339
2015-07-22,0.5906458797327394
2015-07-23,0.5595768374164811
2015-07-24,0.6217149220489978
2015-07-25,0.6527839643652561
2015-07-26,0.6838530066815145
2015-07-27,0.5492204899777283
2015-07-28,0.4870824053452117
2015-07-29,0.51815144766147
2015-07-30,0.49743875278396443
2015-07-31,0.4870824053452117
2015-08-01,0.621380846325167
2015-08-02,0.5111358574610245
2015-08-03,0.3935412026726058
2015-08-04,0.43763919821826286
2015-08-05,0.444988864142539
2015-08-06,0.48908685968819604
2015-08-07,0.49643652561247215
2015-08-08,0.5184855233853007
2015-08-09,0.4817371937639199
2015-08-10,0.49643652561247215
2015-08-11,0.4155902004454344
2015-08-12,0.3935412026726058
2015-08-13,0.37884187082405346
2015-08-14,0.444988864142539
2015-08-15,0.4082405345211581
2015-08-16,0.5331848552338531
2015-08-17,0.3494432071269489
2015-08-18,0.3273942093541203
2015-08-19,0.2759465478841871
2015-08-20,0.3200445434298442
2015-08-21,0.3200445434298442
2015-08-22,0.3273942093541203
2015-08-23,0.3200445434298442
2015-08-24,0.21714922048997778
2015-08-25,0.2538975501113586
2015-08-26,0.18040089086859695
2015-08-27,0.20979955456570168
2015-08-28,0.2244988864142539
2015-08-29,0.2979955456570156
2015-08-30,0.2906458797327394
2015-08-31,0.18775055679287306
2015-09-01,0.16236080178173723
2015-09-02,0.15300668151447666
2015-09-03,0.19042316258351888
2015-09-04,0.19510022271714916
2015-09-05,0.35412026726057905
2015-09-06,0.34944320712694876
2015-09-07,0.2465478841870825
2015-09-08,0.07349665924276166
2015-09-09,0.10155902004454333
2015-09-10,0.12494432071269486
2015-09-11,0.1155902004454343
2015-09-12,0.15768374164810695
2015-09-13,0.17639198218262805
2015-09-14,0.09220489977728291
2015-09-15,0.1155902004454343
2015-09-16,0.11091314031180403
2015-09-17,0.07349665924276166
2015-09-18,0.12962138084632527
2015-09-19,0.17639198218262805
2015-09-20,0.20445434298440987
2015-09-21,0.09220489977728291
2015-09-22,0.12026726057906459
2015-09-23,0.12962138084632527
2015-09-24,0.11091314031180403
2015-09-25,0.15300668151447666
2015-09-26,0.1997772828507796
2015-09-27,0.1670378619153675
2015-09-28,0.08285077951002236
2015-09-29,0.08752783964365264
2015-09-30,0.08285077951002236
2015-10-01,0.10467706013363028
2015-10-02,0.11804008908685973
2015-10-03,0.2561247216035635
2015-10-04,0.16258351893095763
2015-10-05,0.10913140311804014
2015-10-06,0.11358574610245001
2015-10-07,0.1269487750556793
2015-10-08,0.14476614699331847
2015-10-09,0.23830734966592415
2015-10-10,0.33184855233853017
2015-10-11,0.2293986636971047
2015-10-12,0.1581291759465479
2015-10-13,0.1403118040089086
2015-10-14,0.11358574610245001
2015-10-15,0.12249443207126959
2015-10-16,0.13585746102449903
2015-10-17,0.18040089086859695
2015-10-18,0.15367483296213805
2015-10-19,0.1492204899777282
2015-10-20,0.07795100222717152
2015-10-21,0.10467706013363028
2015-10-22,0.09131403118040098
2015-10-23,0.09131403118040098
2015-10-24,0.1982182628062361
2015-10-25,0.18485523385300667
2015-10-26,0.11358574610245001
2015-10-27,0.07349665924276166
2015-10-28,0.10467706013363028
2015-10-29,0.07795100222717152
2015-10-30,0.0957683741648107
2015-10-31,0.17149220489977723
2015-11-01,0.08752783964365264
2015-11-02,0.054788418708240555
2015-11-03,0.0688195991091314
2015-11-04,0.06414253897550111
2015-11-05,0.06414253897550111
2015-11-06,0.06414253897550111
2015-11-07,0.08285077951002236
2015-11-08,0.11091314031180403
2015-11-09,0.2371937639198218
2015-11-10,0.35412026726057905
2015-11-11,0.20913140311804013
2015-11-12,0.12494432071269486
2015-11-13,0.10623608017817361
2015-11-14,0.11091314031180403
2015-11-15,0.0968819599109132
2015-11-16,0.10155902004454333
2015-11-17,0.08285077951002236
2015-11-18,0.08285077951002236
2015-11-19,0.08285077951002236
2015-11-20,0.08752783964365264
2015-11-21,0.1342984409799554
2015-11-22,0.12026726057906459
2015-11-23,0.10623608017817361
2015-11-24,0.10155902004454333
2015-11-25,0.10155902004454333
2015-11-26,0.07817371937639195
2015-11-27,0.20445434298440987
2015-11-28,0.18106904231625834
2015-11-29,0.1155902004454343
2015-11-30,0.08285077951002236
2015-12-01,0.09487750556792875
2015-12-02,0.10556792873051236
2015-12-03,0.08953229398663694
2015-12-04,0.11091314031180403
2015-12-05,0.16436525612472166
2015-12-06,0.14832962138084624
2015-12-07,0.08418708240534514
2015-12-08,0.10022271714922056
2015-12-09,0.10022271714922056
2015-12-10,0.16436525612472166
2015-12-11,0.14298440979955443
2015-12-12,0.15902004454342986
2015-12-13,0.16436525612472166
2015-12-14,0.11091314031180403
2015-12-15,0.10022271714922056
2015-12-16,0.10022271714922056
2015-12-17,0.11091314031180403
2015-12-18,0.1269487750556793
2015-12-19,0.25523385300668155
2015-12-20,0.25523385300668155
2015-12-21,0.36213808463251673
2015-12-22,0.40489977728285076
2015-12-23,0.3354120267260579
2015-12-24,0.25523385300668155
2015-12-25,0.2979955456570156
2015-12-26,0.420935412026726
2015-12-27,0.399554565701559
2015-12-28,0.3674832962138084
2015-12-29,0.2873051224944321
2015-12-30,0.36213808463251673
2015-12-31,0.30334075723830733
2016-01-01,0.2790645879732739
2016-01-02,0.2836302895322939
2016-01-03,0.3429844097995546
2016-01-04,0.11013363028953237
2016-01-05,0.1512249443207128
2016-01-06,0.1694877505567929
2016-01-07,0.1512249443207128
2016-01-08,0.1420935412026725
2016-01-09,0.20601336302895334
2016-01-10,0.20144766146993306
2016-01-11,0.1283964365256125
2016-01-12,0.1420935412026725
2016-01-13,0.1283964365256125
2016-01-14,0.1375278396436525
2016-01-15,0.1557906458797328
2016-01-16,0.21057906458797335
2016-01-17,0.18318485523385306
2016-01-18,0.1740534521158129
2016-01-19,0.1375278396436525
2016-01-20,0.10100222717149222
2016-01-21,0.1283964365256125
2016-01-22,0.1420935412026725
2016-01-23,0.1694877505567929
2016-01-24,0.1420935412026725
2016-01-25,0.1694877505567929
2016-01-26,0.1420935412026725
2016-01-27,0.1329621380846325
2016-01-28,0.1466592427616928
2016-01-29,0.1557906458797328
2016-01-30,0.292761692650334
2016-01-31,0.21514476614699332
2016-02-01,0.17427616926503334
2016-02-02,0.14810690423162584
2016-02-03,0.14287305122494431
2016-02-04,0.1324053452115814
2016-02-05,0.17427616926503334
2016-02-06,0.23184855233853
2016-02-07,0.1952115812917593
2016-02-08,0.17427616926503334
2016-02-09,0.1847438752783964
2016-02-10,0.1847438752783964
2016-02-11,0.22661469933184847
2016-02-12,0.25278396436525624
2016-02-13,0.4097995545657016
2016-02-14,0.32082405345211584
2016-02-15,0.2632516703786192
2016-02-16,0.24755011135857471
2016-02-17,0.25801781737193763
2016-02-18,0.2684855233853007
2016-02-19,0.23184855233853
2016-02-20,0.3574610244988864
2016-02-21,0.29988864142538973
2016-02-22,0.27371937639198224
2016-02-23,0.23708240534521152
2016-02-24,0.21091314031180403
2016-02-25,0.2841870824053453
2016-02-26,0.3103563474387528
2016-02-27,0.3888641425389755
2016-02-28,0.34175946547884195
2016-02-29,0.24755011135857471
2016-03-01,0.10913140311804014
2016-03-02,0.14476614699331847
2016-03-03,0.16258351893095763
2016-03-04,0.16258351893095763
2016-03-05,0.224944320712695
2016-03-06,0.2071269487750557
2016-03-07,0.16258351893095763
2016-03-08,0.18930957683741653
2016-03-09,0.2605790645879732
2016-03-10,0.2338530066815146
2016-03-11,0.24276169265033404
2016-03-12,0.33184855233853017
2016-03-13,0.33184855233853017
2016-03-14,0.33184855233853017
2016-03-15,0.31403118040089095
2016-03-16,0.2873051224944321
2016-03-17,0.77728285077951
2016-03-18,0.6525612472160356
2016-03-19,0.5634743875278397
2016-03-20,0.5991091314031181
2016-03-21,0.3585746102449889
2016-03-22,0.30512249443207123
2016-03-23,0.2873051224944321
2016-03-24,0.2694877505567929
2016-03-25,0.33184855233853017
2016-03-26,0.3407572383073497
2016-03-27,0.2694877505567929
2016-03-28,0.2694877505567929
2016-03-29,0.2071269487750557
2016-03-30,0.25167037861915376
2016-03-31,0.2783964365256125
2016-04-01,0.3463251670378619
2016-04-02,0.45144766146993315
2016-04-03,0.5434298440979956
2016-04-04,0.30690423162583513
2016-04-05,0.2871937639198218
2016-04-06,0.25434298440979947
2016-04-07,0.260913140311804
2016-04-08,0.3003340757238307
2016-04-09,0.320044543429844
2016-04-10,0.35289532293986636
2016-04-11,0.22149220489977736
2016-04-12,0.247772828507795
2016-04-13,0.2412026726057907
2016-04-14,0.21492204899777279
2016-04-15,0.260913140311804
2016-04-16,0.35946547884187086
2016-04-17,0.29376391982182626
2016-04-18,0.21492204899777279
2016-04-19,0.2346325167037861
2016-04-20,0.21492204899777279
2016-04-21,0.2346325167037861
2016-04-22,0.2346325167037861
2016-04-23,0.3988864142538975
2016-04-24,0.3266146993318486
2016-04-25,0.26748329621380845
2016-04-26,0.22149220489977736
2016-04-27,0.2280623608017818
2016-04-28,0.247772828507795
2016-04-29,0.2280623608017818
2016-04-30,0.31347438752783974
2016-05-01,0.30033407572383086
2016-05-02,0.1880846325167039
2016-05-03,0.1880846325167039
2016-05-04,0.1740534521158129
2016-05-05,0.1740534521158129
2016-05-06,0.19510022271714916
2016-05-07,0.2582405345211582
2016-05-08,0.24420935412026723
2016-05-09,0.18106904231625848
2016-05-10,0.18106904231625848
2016-05-11,0.21614699331848555
2016-05-12,0.25122494432071263
2016-05-13,0.2371937639198218
2016-05-14,0.34944320712694876
2016-05-15,0.31436525612472166
2016-05-16,0.28630289532293984
2016-05-17,0.21614699331848555
2016-05-18,0.22316258351893112
2016-05-19,0.19510022271714916
2016-05-20,0.24420935412026723
2016-05-21,0.37048997772828507
2016-05-22,0.32138084632516706
2016-05-23,0.30033407572383086
2016-05-24,0.27928730512249444
2016-05-25,0.25122494432071263
2016-05-26,0.26525612472160376
2016-05-27,0.3073496659242761
2016-05-28,0.5879732739420935
2016-05-29,0.5178173719376392
2016-05-30,0.41959910913140314
2016-05-31,0.28630289532293984
2016-06-01,0.4636971046770602
2016-06-02,0.4546770601336303
2016-06-03,0.4456570155902005
2016-06-04,0.4997772828507796
2016-06-05,0.5448775055679288
2016-06-06,0.4546770601336303
2016-06-07,0.5268374164810691
2016-06-08,0.5087973273942094
2016-06-09,0.5178173719376392
2016-06-10,0.6170378619153675
2016-06-11,0.6982182628062361
2016-06-12,0.6891982182628063
2016-06-13,0.5538975501113587
2016-06-14,0.5178173719376392
2016-06-15,0.5538975501113587
2016-06-16,0.5719376391982183
2016-06-17,0.5268374164810691
2016-06-18,0.6531180400890869
2016-06-19,0.5989977728285079
2016-06-20,0.5087973273942094
2016-06-21,0.5538975501113587
2016-06-22,0.5178173719376392
2016-06-23,0.6260579064587973
2016-06-24,0.5899777282850781
2016-06-25,0.7884187082405344
2016-06-26,0.7252783964365256
2016-06-27,0.6080178173719378
2016-06-28,0.5719376391982183
2016-06-29,0.6350779510022272
2016-06-30,0.7252783964365256
2016-07-01,0.7487750556792873
2016-07-02,0.866369710467706
2016-07-03,0.866369710467706
2016-07-04,0.8369710467706014
2016-07-05,0.6997772828507796
2016-07-06,0.6605790645879733
2016-07-07,0.5723830734966593
2016-07-08,0.5625835189309577
2016-07-09,0.670378619153675
2016-07-10,0.6017817371937639
2016-07-11,0.621380846325167
2016-07-12,0.5527839643652562
2016-07-13,0.5919821826280623
2016-07-14,0.5429844097995545
2016-07-15,0.533184855233853
2016-07-16,0.7879732739420935
2016-07-17,0.6507795100222716
2016-07-18,0.5723830734966593
2016-07-19,0.5919821826280623
2016-07-20,0.5821826280623608
2016-07-21,0.533184855233853
2016-07-22,0.5919821826280623
2016-07-23,0.6997772828507796
2016-07-24,0.621380846325167
2016-07-25,0.5723830734966593
2016-07-26,0.5723830734966593
2016-07-27,0.5037861915367483
2016-07-28,0.533184855233853
2016-07-29,0.6017817371937639
2016-07-30,0.6899777282850779
2016-07-31,0.7193763919821826
2016-08-01,0.44187082405345207
2016-08-02,0.45478841870824055
2016-08-03,0.46770601336302886
2016-08-04,0.5129175946547884
2016-08-05,0.46124721603563473
2016-08-06,0.5322939866369709
2016-08-07,0.4870824053452116
2016-08-08,0.35790645879732735
2016-08-09,0.36436525612472154
2016-08-10,0.33853006681514475
2016-08-11,0.38374164810690425
2016-08-12,0.37728285077951
2016-08-13,0.5129175946547884
2016-08-14,0.42249443207126947
2016-08-15,0.2804008908685968
2016-08-16,0.24164810690423166
2016-08-17,0.24810690423162568
2016-08-18,0.27394209354120264
2016-08-19,0.3062360801781738
2016-08-20,0.37082405345211583
2016-08-21,0.3126948775055679
2016-08-22,0.2028953229398664
2016-08-23,0.2610244988864143
2016-08-24,0.18997772828507792
2016-08-25,0.22227171492204903
2016-08-26,0.2158129175946547
2016-08-27,0.3256124721603564
2016-08-28,0.3191536748329621
2016-08-29,0.2028953229398664
2016-08-30,0.17060133630289528
2016-08-31,0.1964365256124722
2016-09-01,0.1306236080178175
2016-09-02,0.1928730512249443
2016-09-03,0.35089086859688196
2016-09-04,0.3652561247216035
2016-09-05,0.22639198218262804
2016-09-06,0.0971046770601336
2016-09-07,0.07316258351893097
2016-09-08,0.0971046770601336
2016-09-09,0.1258351893095768
2016-09-10,0.1880846325167039
2016-09-11,0.15935412026726056
2016-09-12,0.058797327394209446
2016-09-13,0.07316258351893097
2016-09-14,0.07795100222717152
2016-09-15,0.08752783964365264
2016-09-16,0.08273942093541194
2016-09-17,0.1880846325167039
2016-09-18,0.14498886414253903
2016-09-19,0.08752783964365264
2016-09-20,0.0971046770601336
2016-09-21,0.11146993318485528
2016-09-22,0.0971046770601336
2016-09-23,0.15935412026726056
2016-09-24,0.2503340757238308
2016-09-25,0.2024498886414254
2016-09-26,0.10189309576837417
2016-09-27,0.0971046770601336
2016-09-28,0.11146993318485528
2016-09-29,0.08273942093541194
2016-09-30,0.15935412026726056
2016-10-01,0.3095768374164811
2016-10-02,0.2418708240534521
2016-10-03,0.11069042316258347
2016-10-04,0.11492204899777278
2016-10-05,0.13184855233853
2016-10-06,0.11069042316258347
2016-10-07,0.16146993318485528
2016-10-08,0.25456570155902014
2016-10-09,0.21648106904231626
2016-10-10,0.11069042316258347
2016-10-11,0.15300668151447666
2016-10-12,0.08953229398663709
2016-10-13,0.13184855233853
2016-10-14,0.1741648106904232
2016-10-15,0.2503340757238308
2016-10-16,0.20801781737193764
2016-10-17,0.09376391982182639
2016-10-18,0.11492204899777278
2016-10-19,0.11492204899777278
2016-10-20,0.09799554565701556
2016-10-21,0.16146993318485528
2016-10-22,0.2630289532293986
2016-10-23,0.22917594654788417
2016-10-24,0.09799554565701556
2016-10-25,0.08106904231625847
2016-10-26,0.08953229398663709
2016-10-27,0.10222717149220487
2016-10-28,0.13184855233853
2016-10-29,0.22071269487750556
2016-10-30,0.1741648106904232
2016-10-31,0.08953229398663709
2016-11-01,0.06057906458797333
2016-11-02,0.08708240534521153
2016-11-03,0.06057906458797333
2016-11-04,0.08708240534521153
2016-11-05,0.14008908685968818
2016-11-06,0.14008908685968818
2016-11-07,0.09086859688195986
2016-11-08,0.06436525612472167
2016-11-09,0.0
2016-11-10,0.06057906458797333
2016-11-11,0.11737193763919834
2016-11-12,0.16280623608017805
2016-11-13,0.10979955456570167
2016-11-14,0.07193763919821819
2016-11-15,0.09086859688195986
2016-11-16,0.09465478841870834
2016-11-17,0.09844097995545667
2016-11-18,0.1060133630289532
2016-11-19,0.18173719376392
2016-11-20,0.15902004454342986
2016-11-21,0.12494432071269486
2016-11-22,0.10979955456570167
2016-11-23,0.11737193763919834
2016-11-24,0.16280623608017805
2016-11-25,0.26503340757238303
2016-11-26,0.2423162583518932
2016-11-27,0.14008908685968818
2016-11-28,0.14387527839643652
2016-11-29,0.1060133630289532
2016-11-30,0.07572383073496666
2016-12-01,0.0971046770601336
2016-12-02,0.09220489977728291
2016-12-03,0.17060133630289528
2016-12-04,0.12160356347438764
2016-12-05,0.10690423162583514
2016-12-06,0.14610244988864138
2016-12-07,0.13630289532293985
2016-12-08,0.10200445434298444
2016-12-09,0.0971046770601336
2016-12-10,0.15590200445434305
2016-12-11,0.15100222717149223
2016-12-12,0.13140311804008917
2016-12-13,0.11180400890868597
2016-12-14,0.10200445434298444
2016-12-15,0.06770601336302903
2016-12-16,0.13630289532293985
2016-12-17,0.2048997772828507
2016-12-18,0.2293986636971047
2016-12-19,0.2
2016-12-20,0.17550111358574624
2016-12-21,0.19510022271714916
2016-12-22,0.20979955456570154
2016-12-23,0.2440979955456571
2016-12-24,0.2
2016-12-25,0.28819599109131405
2016-12-26,0.37639198218262804
2016-12-27,0.36169265033407577
2016-12-28,0.3518930957683742
2016-12-29,0.37639198218262804
2016-12-30,0.29309576837416484
2016-12-31,0.2293986636971047
2017-01-01,0.15701559020044542
2017-01-02,0.13195991091314027
2017-01-03,0.08184855233853
2017-01-04,0.1369710467706014
2017-01-05,0.0968819599109132
2017-01-06,0.36247216035634744
2017-01-07,0.38752783964365256
2017-01-08,0.26726057906458806
2017-01-09,0.15701559020044542
2017-01-10,0.0968819599109132
2017-01-11,0.07683741648106902
2017-01-12,0.06681514476614708
2017-01-13,0.07182628062360806
2017-01-14,0.1269487750556793
2017-01-15,0.16202672605790652
2017-01-16,0.08685968819599112
2017-01-17,0.08685968819599112
2017-01-18,0.05679287305122486
2017-01-19,0.05679287305122486
2017-01-20,0.07683741648106902
2017-01-21,0.12193763919821833
2017-01-22,0.07683741648106902
2017-01-23,0.04677060133630292
2017-01-24,0.03674832962138083
2017-01-25,0.03674832962138083
2017-01-26,0.04677060133630292
2017-01-27,0.05178173719376389
2017-01-28,0.10189309576837417
2017-01-29,0.07683741648106902
2017-01-30,0.05679287305122486
2017-01-31,0.03674832962138083
2017-02-01,0.08685968819599112
2017-02-02,0.10913140311804014
2017-02-03,0.1269487750556793
2017-02-04,0.18485523385300667
2017-02-05,0.1403118040089086
2017-02-06,0.11804008908685973
2017-02-07,0.10913140311804014
2017-02-08,0.11804008908685973
2017-02-09,0.10022271714922056
2017-02-10,0.11358574610245001
2017-02-11,0.1581291759465479
2017-02-12,0.16258351893095763
2017-02-13,0.13585746102449903
2017-02-14,0.11804008908685973
2017-02-15,0.11804008908685973
2017-02-16,0.18930957683741653
2017-02-17,0.18930957683741653
2017-02-18,0.2472160356347439
2017-02-19,0.2739420935412028
2017-02-20,0.24276169265033404
2017-02-21,0.17149220489977723
2017-02-22,0.18485523385300667
2017-02-23,0.2071269487750557
2017-02-24,0.21603563474387527
2017-02-25,0.33184855233853017
2017-02-26,0.2338530066815146
2017-02-27,0.21603563474387527
2017-02-28,0.18040089086859695
2017-03-01,0.2672605790645879
2017-03-02,0.2418708240534521
2017-03-03,0.260913140311804
2017-03-04,0.4069042316258351
2017-03-05,0.35612472160356345
2017-03-06,0.3180400890868597
2017-03-07,0.27995545657015597
2017-03-08,0.3180400890868597
2017-03-09,0.3243875278396436
2017-03-10,0.3751670378619153
2017-03-11,0.43229398663697105
2017-03-12,0.43229398663697105
2017-03-13,0.4005567928730512
2017-03-14,0.438641425389755
2017-03-15,0.4132516703786191
2017-03-16,0.3624721603563474
2017-03-17,0.44498886414253896
2017-03-18,0.5211581291759465
2017-03-19,0.438641425389755
2017-03-20,0.3243875278396436
2017-03-21,0.28630289532293984
2017-03-22,0.27995545657015597
2017-03-23,0.29899777282850776
2017-03-24,0.2926503340757238
2017-03-25,0.425946547884187
2017-03-26,0.4005567928730512
2017-03-27,0.2926503340757238
2017-03-28,0.3370824053452115
2017-03-29,0.31169265033407567
2017-03-30,0.2926503340757238
2017-03-31,0.3180400890868597
2017-04-01,0.4726057906458798
2017-04-02,0.4040089086859689
2017-04-03,0.3354120267260581
2017-04-04,0.3728285077951003
2017-04-05,0.34164810690423164
2017-04-06,0.32293986636971056
2017-04-07,0.3728285077951003
2017-04-08,0.4788418708240535
2017-04-09,0.5100222717149222
2017-04-10,0.3915367483296215
2017-04-11,0.36035634743875283
2017-04-12,0.3915367483296215
2017-04-13,0.3853006681514477
2017-04-14,0.4788418708240535
2017-04-15,0.4850779510022272
2017-04-16,0.3853006681514477
2017-04-17,0.31046770601336304
2017-04-18,0.31670378619153683
2017-04-19,0.2855233853006682
2017-04-20,0.3728285077951003
2017-04-21,0.3728285077951003
2017-04-22,0.4788418708240535
2017-04-23,0.31670378619153683
2017-04-24,0.27928730512249444
2017-04-25,0.2730512249443207
2017-04-26,0.26681514476614693
2017-04-27,0.27928730512249444
2017-04-28,0.31046770601336304
2017-04-29,0.4663697104677061
2017-04-30,0.3853006681514477
2017-05-01,0.19198218262806235
2017-05-02,0.1670378619153675
2017-05-03,0.19198218262806235
2017-05-04,0.179510022271715
2017-05-05,0.21692650334075736
2017-05-06,0.24810690423162585
2017-05-07,0.22939866369710488
2017-05-08,0.17327394209354124
2017-05-09,0.17327394209354124
2017-05-10,0.16080178173719376
2017-05-11,0.21692650334075736
2017-05-12,0.20445434298440987
2017-05-13,0.31670378619153683
2017-05-14,0.26681514476614693
2017-05-15,0.21692650334075736
2017-05-16,0.22316258351893112
2017-05-17,0.18574610244988862
2017-05-18,0.26681514476614693
2017-05-19,0.2543429844097996
2017-05-20,0.3291759465478843
2017-05-21,0.34164810690423164
2017-05-22,0.24810690423162585
2017-05-23,0.2543429844097996
2017-05-24,0.24810690423162585
2017-05-25,0.2979955456570156
2017-05-26,0.3354120267260581
2017-05-27,0.5037861915367484
2017-05-28,0.5100222717149222
2017-05-29,0.42271714922049
2017-05-30,0.3354120267260581
2017-05-31,0.2855233853006682
2017-06-01,0.4385300668151448
2017-06-02,0.4632516703786191
2017-06-03,0.5456570155902005
2017-06-04,0.5374164810690424
2017-06-05,0.42204899777282856
2017-06-06,0.45501113585746106
2017-06-07,0.4302895322939866
2017-06-08,0.4632516703786191
2017-06-09,0.4714922048997773
2017-06-10,0.6033407572383073
2017-06-11,0.5703786191536748
2017-06-12,0.512694877505568
2017-06-13,0.4797327394209354
2017-06-14,0.48797327394209344
2017-06-15,0.5044543429844098
2017-06-16,0.520935412026726
2017-06-17,0.6610244988864143
2017-06-18,0.5456570155902005
2017-06-19,0.512694877505568
2017-06-20,0.520935412026726
2017-06-21,0.520935412026726
2017-06-22,0.5621380846325167
2017-06-23,0.6280623608017817
2017-06-24,0.7104677060133631
2017-06-25,0.6775055679287304
2017-06-26,0.6115812917594655
2017-06-27,0.6033407572383073
2017-06-28,0.6115812917594655
2017-06-29,0.6198218262806237
2017-06-30,0.5868596881959911
2017-07-01,0.7984409799554567
2017-07-02,0.7984409799554567
2017-07-03,0.7984409799554567
2017-07-04,0.7376391982182627
2017-07-05,0.6971046770601336
2017-07-06,0.6160356347438752
2017-07-07,0.5451002227171492
2017-07-08,0.7173719376391984
2017-07-09,0.6565701559020044
2017-07-10,0.5653674832962138
2017-07-11,0.5755011135857461
2017-07-12,0.6261692650334076
2017-07-13,0.6363028953229399
2017-07-14,0.6464365256124722
2017-07-15,0.8896436525612472
2017-07-16,0.7680400890868597
2017-07-17,0.7275055679287306
2017-07-18,0.5957683741648107
2017-07-19,0.5653674832962138
2017-07-20,0.5653674832962138
2017-07-21,0.6464365256124722
2017-07-22,0.7477728285077953
2017-07-23,0.8389755011135859
2017-07-24,0.6363028953229399
2017-07-25,0.8997772828507794
2017-07-26,0.8491091314031181
2017-07-27,0.6768374164810692
2017-07-28,0.605902004454343
2017-07-29,0.707238307349666
2017-07-30,0.6667037861915368
2017-07-31,0.5146993318485523
2017-08-01,0.3374164810690424
2017-08-02,0.33140311804008915
2017-08-03,0.34342984409799554
2017-08-04,0.3855233853006682
2017-08-05,0.48775055679287305
2017-08-06,0.43964365256124727
2017-08-07,0.37951002227171493
2017-08-08,0.3253897550111358
2017-08-09,0.2953229398663697
2017-08-10,0.30133630289532304
2017-08-11,0.30734966592427626
2017-08-12,0.3915367483296214
2017-08-13,0.3133630289532294
2017-08-14,0.23518930957683737
2017-08-15,0.19910913140311806
2017-08-16,0.2532293986636971
2017-08-17,0.2532293986636971
2017-08-18,0.2532293986636971
2017-08-19,0.3674832962138085
2017-08-20,0.2532293986636971
2017-08-21,0.15100222717149223
2017-08-22,0.19309576837416487
2017-08-23,0.1269487750556793
2017-08-24,0.14498886414253903
2017-08-25,0.16302895322939875
2017-08-26,0.18106904231625848
2017-08-27,0.18708240534521153
2017-08-28,0.1329621380846325
2017-08-29,0.10289532293986639
2017-08-30,0.11492204899777292
2017-08-31,0.13897550111358584
2017-09-01,0.13363028953229403
2017-09-02,0.261358574610245
2017-09-03,0.29844097995545654
2017-09-04,0.19543429844098
2017-09-05,0.06770601336302903
2017-09-06,0.04710467706013375
2017-09-07,0.03474387527839639
2017-09-08,0.038864142538975556
2017-09-09,0.11302895322939861
2017-09-10,0.05122494432071264
2017-09-11,0.055345211581291805
2017-09-12,0.06770601336302903
2017-09-13,0.08418708240534514
2017-09-14,0.08006681514476612
2017-09-15,0.09242761692650334
2017-09-16,0.16659242761692653
2017-09-17,0.11714922048997778
2017-09-18,0.06358574610244987
2017-09-19,0.07594654788418709
2017-09-20,0.07182628062360806
2017-09-21,0.08418708240534514
2017-09-22,0.10890868596881972
2017-09-23,0.21191536748329626
2017-09-24,0.17071269487750557
2017-09-25,0.07182628062360806
2017-09-26,0.07594654788418709
2017-09-27,0.06770601336302903
2017-09-28,0.10478841870824056
2017-09-29,0.12951002227171485
2017-09-30,0.20779510022271722
2017-10-01,0.2021158129175946
2017-10-02,0.0968819599109132
2017-10-03,0.10077951002227166
2017-10-04,0.10467706013363028
2017-10-05,0.07739420935412028
2017-10-06,0.13195991091314027
2017-10-07,0.25668151447661475
2017-10-08,0.27616926503340766
2017-10-09,0.13195991091314027
2017-10-10,0.1397550111358575
2017-10-11,0.11636971046770611
2017-10-12,0.10857461024498889
2017-10-13,0.1982182628062361
2017-10-14,0.27227171492204905
2017-10-15,0.20601336302895334
2017-10-16,0.1397550111358575
2017-10-17,0.06570155902004444
2017-10-18,0.10467706013363028
2017-10-19,0.13195991091314027
2017-10-20,0.12026726057906459
2017-10-21,0.24109131403118042
2017-10-22,0.2021158129175946
2017-10-23,0.07739420935412028
2017-10-24,0.057906458797327504
2017-10-25,0.09298440979955458
2017-10-26,0.11247216035634736
2017-10-27,0.10077951002227166
2017-10-28,0.18652561247216043
2017-10-29,0.1631403118040089
2017-10-30,0.06570155902004444
2017-10-31,0.030623608017817362
2017-11-01,0.03340757238307361
2017-11-02,0.03340757238307361
2017-11-03,0.05545657015590209
2017-11-04,0.10322939866369708
2017-11-05,0.11792873051224959
2017-11-06,0.05913140311804014
2017-11-07,0.05913140311804014
2017-11-08,0.08118040089086875
2017-11-09,0.07383073496659236
2017-11-10,0.09955456570155903
2017-11-11,0.12895322939866374
2017-11-12,0.11057906458797319
2017-11-13,0.0628062360801782
2017-11-14,0.05178173719376389
2017-11-15,0.0701559020044543
2017-11-16,0.05178173719376389
2017-11-17,0.05178173719376389
2017-11-18,0.18040089086859695
2017-11-19,0.15467706013363028
2017-11-20,0.12895322939866374
2017-11-21,0.10322939866369708
2017-11-22,0.1252783964365257
2017-11-23,0.11425389755011153
2017-11-24,0.2538975501113586
2017-11-25,0.22817371937639194
2017-11-26,0.13997772828507793
2017-11-27,0.0701559020044543
2017-11-28,0.06648106904231625
2017-11-29,0.0628062360801782
2017-11-30,0.0628062360801782
2017-12-01,0.11469933184855235
2017-12-02,0.1557906458797328
2017-12-03,0.16035634743875277
2017-12-04,0.08273942093541194
2017-12-05,0.06904231625835194
2017-12-06,0.041648106904231666
2017-12-07,0.055345211581291805
2017-12-08,0.09187082405345222
2017-12-09,0.1329621380846325
2017-12-10,0.10556792873051236
2017-12-11,0.06904231625835194
2017-12-12,0.08273942093541194
2017-12-13,0.09187082405345222
2017-12-14,0.09643652561247222
2017-12-15,0.08730512249443194
2017-12-16,0.18775055679287306
2017-12-17,0.19231625835189306
2017-12-18,0.1375278396436525
2017-12-19,0.1420935412026725
2017-12-20,0.1375278396436525
2017-12-21,0.1557906458797328
2017-12-22,0.20144766146993306
2017-12-23,0.21971046770601346
2017-12-24,0.22884187082405347
2017-12-25,0.22884187082405347
2017-12-26,0.292761692650334
2017-12-27,0.29732739420935417
2017-12-28,0.33841870824053444
2017-12-29,0.292761692650334
2017-12-30,0.3429844097995546
2017-12-31,0.23797327394209347
2018-01-01,0.21514476614699332
2018-01-02,0.18307349665924277
2018-01-03,0.15902004454342986
2018-01-04,0.14298440979955443
2018-01-05,0.14699331848552347
2018-01-06,0.2391982182628064
2018-01-07,0.1910913140311804
2018-01-08,0.11893095768374166
2018-01-09,0.09487750556792875
2018-01-10,0.1349665924276168
2018-01-11,0.10690423162583514
2018-01-12,0.15501113585746112
2018-01-13,0.18307349665924277
2018-01-14,0.19510022271714916
2018-01-15,0.17505567928730514
2018-01-16,0.09888641425389749
2018-01-17,0.09487750556792875
2018-01-18,0.09487750556792875
2018-01-19,0.08285077951002236
2018-01-20,0.19510022271714916
2018-01-21,0.14699331848552347
2018-01-22,0.14298440979955443
2018-01-23,0.13897550111358584
2018-01-24,0.10690423162583514
2018-01-25,0.10289532293986639
2018-01-26,0.15501113585746112
2018-01-27,0.2873051224944321
2018-01-28,0.1910913140311804
2018-01-29,0.1309576837416482
2018-01-30,0.09487750556792875
2018-01-31,0.11492204899777278
2018-02-01,0.13140311804008917
2018-02-02,0.14610244988864138
2018-02-03,0.21469933184855236
2018-02-04,0.19510022271714916
2018-02-05,0.0971046770601336
2018-02-06,0.14120267260579056
2018-02-07,0.17060133630289528
2018-02-08,0.2
2018-02-09,0.14610244988864138
2018-02-10,0.2538975501113586
2018-02-11,0.2587973273942093
2018-02-12,0.16080178173719376
2018-02-13,0.16570155902004458
2018-02-14,0.15100222717149223
2018-02-15,0.16080178173719376
2018-02-16,0.2244988864142539
2018-02-17,0.37639198218262804
2018-02-18,0.36169265033407577
2018-02-19,0.2979955456570156
2018-02-20,0.23429844097995542
2018-02-21,0.21469933184855236
2018-02-22,0.23429844097995542
2018-02-23,0.20979955456570154
2018-02-24,0.3371937639198218
2018-02-25,0.33229398663697113
2018-02-26,0.2587973273942093
2018-02-27,0.2391982182628064
2018-02-28,0.2832962138084633
2018-03-01,0.24420935412026723
2018-03-02,0.2582405345211582
2018-03-03,0.37048997772828507
2018-03-04,0.3985523385300669
2018-03-05,0.31436525612472166
2018-03-06,0.28630289532293984
2018-03-07,0.2933184855233853
2018-03-08,0.3424276169265033
2018-03-09,0.35645879732739416
2018-03-10,0.5318485523385301
2018-03-11,0.4757238307349666
2018-03-12,0.46169265033407575
2018-03-13,0.43363028953229404
2018-03-14,0.41959910913140314
2018-03-15,0.41959910913140314
2018-03-16,0.43363028953229404
2018-03-17,0.5037861915367483
2018-03-18,0.4546770601336303
2018-03-19,0.34944320712694876
2018-03-20,0.30033407572383086
2018-03-21,0.3354120267260579
2018-03-22,0.3424276169265033
2018-03-23,0.3845211581291759
2018-03-24,0.5178173719376392
2018-03-25,0.5178173719376392
2018-03-26,0.3775055679287306
2018-03-27,0.3845211581291759
2018-03-28,0.34944320712694876
2018-03-29,0.42661469933184853
2018-03-30,0.4897550111358575
2018-03-31,0.5879732739420935
2018-04-01,0.4988864142538976
2018-04-02,0.37026726057906467
2018-04-03,0.38864142538975505
2018-04-04,0.400890868596882
2018-04-05,0.38864142538975505
2018-04-06,0.37026726057906467
2018-04-07,0.40701559020044553
2018-04-08,0.41314031180400895
2018-04-09,0.2538975501113586
2018-04-10,0.22327394209354126
2018-04-11,0.22939866369710488
2018-04-12,0.24777282850779514
2018-04-13,0.30902004454342985
2018-04-14,0.40701559020044553
2018-04-15,0.33964365256124723
2018-04-16,0.24777282850779514
2018-04-17,0.22939866369710488
2018-04-18,0.2783964365256125
2018-04-19,0.22939866369710488
2018-04-20,0.2600222717149222
2018-04-21,0.3947661469933185
2018-04-22,0.41926503340757243
2018-04-23,0.2600222717149222
2018-04-24,0.22939866369710488
2018-04-25,0.2661469933184854
2018-04-26,0.2538975501113586
2018-04-27,0.2967706013363029
2018-04-28,0.48051224944320714
2018-04-29,0.40701559020044553
2018-04-30,0.24777282850779514
2018-05-01,0.14454342984409807
2018-05-02,0.13775055679287307
2018-05-03,0.16492204899777277
2018-05-04,0.19888641425389764
2018-05-05,0.26681514476614693
2018-05-06,0.2600222717149221
2018-05-07,0.19888641425389764
2018-05-08,0.23964365256124723
2018-05-09,0.19888641425389764
2018-05-10,0.23964365256124723
2018-05-11,0.19888641425389764
2018-05-12,0.31436525612472166
2018-05-13,0.2804008908685968
2018-05-14,0.23285077951002223
2018-05-15,0.2056792873051225
2018-05-16,0.2056792873051225
2018-05-17,0.22605790645879736
2018-05-18,0.24643652561247223
2018-05-19,0.27360801781737193
2018-05-20,0.31436525612472166
2018-05-21,0.22605790645879736
2018-05-22,0.21926503340757236
2018-05-23,0.2124721603563475
2018-05-24,0.27360801781737193
2018-05-25,0.38908685968819606
2018-05-26,0.5657015590200446
2018-05-27,0.5657015590200446
2018-05-28,0.4502227171492204
2018-05-29,0.3415367483296214
2018-05-30,0.28719376391982193
2018-05-31,0.32115812917594655
2018-06-01,0.47082405345211575
2018-06-02,0.7356347438752784
2018-06-03,0.7447661469933184
2018-06-04,0.5621380846325167
2018-06-05,0.4616926503340757
2018-06-06,0.44342984409799546
2018-06-07,0.5621380846325167
2018-06-08,0.5621380846325167
2018-06-09,0.7082405345211581
2018-06-10,0.717371937639198
2018-06-11,0.5164810690423163
2018-06-12,0.47082405345211575
2018-06-13,0.5164810690423163
2018-06-14,0.5712694877505567
2018-06-15,0.6169265033407572
2018-06-16,0.6991091314031179
2018-06-17,0.5621380846325167
2018-06-18,0.5438752783964366
2018-06-19,0.5073496659242762
2018-06-20,0.5073496659242762
2018-06-21,0.5347438752783965
2018-06-22,0.5895322939866369
2018-06-23,0.7721603563474386
2018-06-24,0.7265033407572383
2018-06-25,0.6625835189309578
2018-06-26,0.5895322939866369
2018-06-27,0.5804008908685968
2018-06-28,0.5895322939866369
2018-06-29,0.6169265033407572
2018-06-30,0.799554565701559
2018-07-01,0.6908685968819599
2018-07-02,0.5951002227171492
2018-07-03,0.6525612472160356
2018-07-04,0.8440979955456569
2018-07-05,0.7674832962138085
2018-07-06,0.5759465478841871
2018-07-07,0.6429844097995544
2018-07-08,0.5951002227171492
2018-07-09,0.4897550111358575
2018-07-10,0.4610244988864143
2018-07-11,0.47060133630289536
2018-07-12,0.4897550111358575
2018-07-13,0.5472160356347439
2018-07-14,0.6238307349665925
2018-07-15,0.5759465478841871
2018-07-16,0.566369710467706
2018-07-17,0.5280623608017817
2018-07-18,0.5089086859688196
2018-07-19,0.566369710467706
2018-07-20,0.5759465478841871
2018-07-21,0.7100222717149219
2018-07-22,0.6908685968819599
2018-07-23,0.6334075723830734
2018-07-24,0.5280623608017817
2018-07-25,0.5184855233853006
2018-07-26,0.5184855233853006
2018-07-27,0.5472160356347439
2018-07-28,0.7674832962138085
2018-07-29,0.6812917594654787
2018-07-30,0.4897550111358575
2018-07-31,0.4418708240534521
2018-08-01,0.3766146993318486
2018-08-02,0.41804008908685975
2018-08-03,0.4387527839643653
2018-08-04,0.576837416481069
2018-08-05,0.5492204899777282
2018-08-06,0.466369710467706
2018-08-07,0.44565701559020043
2018-08-08,0.33518930957683735
2018-08-09,0.3489977728285078
2018-08-10,0.36971046770601335
2018-08-11,0.5354120267260579
2018-08-12,0.45946547884187083
2018-08-13,0.3489977728285078
2018-08-14,0.25924276169265026
2018-08-15,0.29376391982182626
2018-08-16,0.2661469933184854
2018-08-17,0.3006681514476615
2018-08-18,0.45256124721603563
2018-08-19,0.3904231625835189
2018-08-20,0.24543429844098
2018-08-21,0.1832962138084632
2018-08-22,0.17639198218262805
2018-08-23,0.24543429844098
2018-08-24,0.25924276169265026
2018-08-25,0.3904231625835189
2018-08-26,0.3628062360801782
2018-08-27,0.23853006681514485
2018-08-28,0.19020044543429848
2018-08-29,0.19020044543429848
2018-08-30,0.22472160356347431
2018-08-31,0.3144766146993318
2018-09-01,0.33229398663697113
2018-09-02,0.37639198218262804
2018-09-03,0.21469933184855236
2018-09-04,0.0628062360801782
2018-09-05,0.05300668151447667
2018-09-06,0.07260579064587973
2018-09-07,0.06770601336302903
2018-09-08,0.16570155902004458
2018-09-09,0.15100222717149223
2018-09-10,0.05300668151447667
2018-09-11,0.038307349665924306
2018-09-12,0.043207126948775
2018-09-13,0.06770601336302903
2018-09-14,0.0971046770601336
2018-09-15,0.17060133630289528
2018-09-16,0.1167037861915368
2018-09-17,0.07750556792873056
2018-09-18,0.08240534521158124
2018-09-19,0.057906458797327504
2018-09-20,0.07750556792873056
2018-09-21,0.10200445434298444
2018-09-22,0.20979955456570154
2018-09-23,0.16080178173719376
2018-09-24,0.08240534521158124
2018-09-25,0.08730512249443194
2018-09-26,0.07260579064587973
2018-09-27,0.07260579064587973
2018-09-28,0.10690423162583514
2018-09-29,0.19020044543429848
2018-09-30,0.15100222717149223
2018-10-01,0.16035634743875277
2018-10-02,0.1512249443207128
2018-10-03,0.1466592427616928
2018-10-04,0.18775055679287306
2018-10-05,0.22427616926503346
2018-10-06,0.3429844097995546
2018-10-07,0.33385300668151446
2018-10-08,0.19688195991091306
2018-10-09,0.1557906458797328
2018-10-10,0.1420935412026725
2018-10-11,0.1512249443207128
2018-10-12,0.19231625835189306
2018-10-13,0.33385300668151446
2018-10-14,0.2516703786191536
2018-10-15,0.11469933184855235
2018-10-16,0.11013363028953237
2018-10-17,0.1329621380846325
2018-10-18,0.1466592427616928
2018-10-19,0.1375278396436525
2018-10-20,0.3429844097995546
2018-10-21,0.24710467706013362
2018-10-22,0.1329621380846325
2018-10-23,0.11926503340757236
2018-10-24,0.09643652561247222
2018-10-25,0.12383073496659236
2018-10-26,0.16035634743875277
2018-10-27,0.2699331848552339
2018-10-28,0.28819599109131405
2018-10-29,0.1375278396436525
2018-10-30,0.11469933184855235
2018-10-31,0.07360801781737195
2018-11-01,0.10100222717149222
2018-11-02,0.11926503340757236
2018-11-03,0.21971046770601346
2018-11-04,0.1740534521158129
2018-11-05,0.1283964365256125
2018-11-06,0.10556792873051236
2018-11-07,0.08730512249443194
2018-11-08,0.1740534521158129
2018-11-09,0.1420935412026725
2018-11-10,0.21057906458797335
2018-11-11,0.21971046770601346
2018-11-12,0.1466592427616928
2018-11-13,0.11013363028953237
2018-11-14,0.11013363028953237
2018-11-15,0.1283964365256125
2018-11-16,0.1740534521158129
2018-11-17,0.2836302895322939
2018-11-18,0.292761692650334
2018-11-19,0.24253897550111347
2018-11-20,0.20144766146993306
2018-11-21,0.19688195991091306
2018-11-22,0.21514476614699332
2018-11-23,0.28819599109131405
2018-11-24,0.3429844097995546
2018-11-25,0.21514476614699332
2018-11-26,0.17861915367483291
2018-11-27,0.10100222717149222
2018-11-28,0.11013363028953237
2018-11-29,0.11469933184855235
2018-11-30,0.1375278396436525
2018-12-01,0.1982182628062361
2018-12-02,0.14810690423162584
2018-12-03,0.09799554565701556
2018-12-04,0.07572383073496666
2018-12-05,0.08685968819599112
2018-12-06,0.08685968819599112
2018-12-07,0.10913140311804014
2018-12-08,0.17037861915367486
2018-12-09,0.15367483296213805
2018-12-10,0.10356347438752792
2018-12-11,0.10356347438752792
2018-12-12,0.09799554565701556
2018-12-13,0.10913140311804014
2018-12-14,0.12026726057906459
2018-12-15,0.22605790645879736
2018-12-16,0.20935412026726055
2018-12-17,0.15367483296213805
2018-12-18,0.13140311804008917
2018-12-19,0.15924276169265042
2018-12-20,0.14810690423162584
2018-12-21,0.22605790645879736
2018-12-22,0.3374164810690424
2018-12-23,0.3652561247216035
2018-12-24,0.29844097995545654
2018-12-25,0.3429844097995546
2018-12-26,0.3485523385300668
2018-12-27,0.4042316258351893
2018-12-28,0.37082405345211583
2018-12-29,0.44320712694877507
2018-12-30,0.44320712694877507
2018-12-31,0.3095768374164811
2019-01-01,0.3628062360801782
2019-01-02,0.33207126948775056
2019-01-03,0.3986636971046771
2019-01-04,0.29109131403118044
2019-01-05,0.3525612472160357
2019-01-06,0.29109131403118044
2019-01-07,0.2142538975501114
2019-01-08,0.20400890868596874
2019-01-09,0.17327394209354124
2019-01-10,0.15790645879732737
2019-01-11,0.20913140311804013
2019-01-12,0.25523385300668155
2019-01-13,0.20400890868596874
2019-01-14,0.1527839643652561
2019-01-15,0.16302895322939875
2019-01-16,0.1527839643652561
2019-01-17,0.16302895322939875
2019-01-18,0.1835189309576839
2019-01-19,0.31670378619153683
2019-01-20,0.27572383073496665
2019-01-21,0.2142538975501114
2019-01-22,0.15790645879732737
2019-01-23,0.17327394209354124
2019-01-24,0.1783964365256125
2019-01-25,0.2244988864142539
2019-01-26,0.3064587973273942
2019-01-27,0.2398663697104678
2019-01-28,0.2398663697104678
2019-01-29,0.2244988864142539
2019-01-30,0.1783964365256125
2019-01-31,0.147661469933185
2019-02-01,0.13429844097995555
2019-02-02,0.2051224944320714
2019-02-03,0.1756124721603564
2019-02-04,0.12249443207126959
2019-02-05,0.14610244988864138
2019-02-06,0.16380846325167042
2019-02-07,0.15790645879732737
2019-02-08,0.16971046770601333
2019-02-09,0.24053452115812918
2019-02-10,0.2700445434298442
2019-02-11,0.16971046770601333
2019-02-12,0.16380846325167042
2019-02-13,0.14020044543429847
2019-02-14,0.13429844097995555
2019-02-15,0.22282850779510027
2019-02-16,0.34677060133630294
2019-02-17,0.34086859688196003
2019-02-18,0.28775055679287304
2019-02-19,0.4766146993318485
2019-02-20,0.2759465478841871
2019-02-21,0.22873051224944332
2019-02-22,0.23463251670378626
2019-02-23,0.35267260579064597
2019-02-24,0.3821826280623608
2019-02-25,0.2110244988864143
2019-02-26,0.19331848552338526
2019-02-27,0.2051224944320714
2019-02-28,0.19331848552338526
2019-03-01,0.26837416481069043
2019-03-02,0.43207126948775054
2019-03-03,0.4944320712694877
2019-03-04,0.3307349665924276
2019-03-05,0.3463251670378619
2019-03-06,0.36971046770601335
2019-03-07,0.36191536748329617
2019-03-08,0.4242761692650334
2019-03-09,0.6269487750556793
2019-03-10,0.665924276169265
2019-03-11,0.5178173719376392
2019-03-12,0.5022271714922049
2019-03-13,0.4710467706013363
2019-03-14,0.5412026726057906
2019-03-15,0.5022271714922049
2019-03-16,0.5957683741648107
2019-03-17,0.6269487750556793
2019-03-18,0.4086859688195991
2019-03-19,0.4164810690423162
2019-03-20,0.43986636971046766
2019-03-21,0.4242761692650334
2019-03-22,0.4788418708240534
2019-03-23,0.6503340757238307
2019-03-24,0.5723830734966592
2019-03-25,0.4632516703786191
2019-03-26,0.43986636971046766
2019-03-27,0.45545657015590196
2019-03-28,0.43986636971046766
2019-03-29,0.4944320712694877
2019-03-30,0.6347438752783963
2019-03-31,0.5645879732739421
2019-04-01,0.31347438752783974
2019-04-02,0.2989977728285079
2019-04-03,0.32795100222717155
2019-04-04,0.32071269487750553
2019-04-05,0.32795100222717155
2019-04-06,0.4871937639198219
2019-04-07,0.465478841870824
2019-04-08,0.32071269487750553
2019-04-09,0.26280623608017833
2019-04-10,0.2989977728285079
2019-04-11,0.2989977728285079
2019-04-12,0.3569042316258351
2019-04-13,0.45824053452115815
2019-04-14,0.47271714922049
2019-04-15,0.3713808463251671
2019-04-16,0.31347438752783974
2019-04-17,0.32795100222717155
2019-04-18,0.42928730512249447
2019-04-19,0.42204899777282856
2019-04-20,0.6102449888641426
2019-04-21,0.5089086859688196
2019-04-22,0.32071269487750553
2019-04-23,0.31347438752783974
2019-04-24,0.3062360801781738
2019-04-25,0.3351893095768375
2019-04-26,0.32795100222717155
2019-04-27,0.47271714922049
2019-04-28,0.44376391982182634
2019-04-29,0.32071269487750553
2019-04-30,0.31347438752783974
2019-05-01,0.16302895322939875
2019-05-02,0.16302895322939875
2019-05-03,0.20144766146993306
2019-05-04,0.30902004454342985
2019-05-05,0.2936525612472161
2019-05-06,0.1783964365256125
2019-05-07,0.17071269487750557
2019-05-08,0.1553452115812918
2019-05-09,0.16302895322939875
2019-05-10,0.1783964365256125
2019-05-11,0.2782850779510022
2019-05-12,0.2244988864142539
2019-05-13,0.17071269487750557
2019-05-14,0.17071269487750557
2019-05-15,0.20144766146993306
2019-05-16,0.2244988864142539
2019-05-17,0.24755011135857471
2019-05-18,0.30902004454342985
2019-05-19,0.33207126948775056
2019-05-20,0.25523385300668155
2019-05-21,0.3551224944320712
2019-05-22,0.2706013363028953
2019-05-23,0.2936525612472161
2019-05-24,0.3858574610244988
2019-05-25,0.6010022271714922
2019-05-26,0.6547884187082406
2019-05-27,0.5241648106904231
2019-05-28,0.31670378619153683
2019-05-29,0.30902004454342985
2019-05-30,0.3243875278396436
2019-05-31,0.3397550111358574
2019-06-01,0.5349665924276169
2019-06-02,0.5248329621380847
2019-06-03,0.40322939866369717
2019-06-04,0.3728285077951002
2019-06-05,0.3424276169265033
2019-06-06,0.362694877505568
2019-06-07,0.4944320712694878
2019-06-08,0.8997772828507794
2019-06-09,0.6464365256124722
2019-06-10,0.4538975501113586
2019-06-11,0.39309576837416477
2019-06-12,0.3829621380846326
2019-06-13,0.3829621380846326
2019-06-14,0.4538975501113586
2019-06-15,0.6261692650334076
2019-06-16,0.5248329621380847
2019-06-17,0.44376391982182634
2019-06-18,0.40322939866369717
2019-06-19,0.44376391982182634
2019-06-20,0.44376391982182634
2019-06-21,0.4741648106904232
2019-06-22,0.5755011135857461
2019-06-23,0.6363028953229399
2019-06-24,0.4741648106904232
2019-06-25,0.4741648106904232
2019-06-26,0.4741648106904232
2019-06-27,0.4944320712694878
2019-06-28,0.5248329621380847
2019-06-29,0.6464365256124722
2019-06-30,0.6160356347438752
2019-07-01,0.5657015590200446
2019-07-02,0.576837416481069
2019-07-03,0.688195991091314
2019-07-04,0.9665924276169265
2019-07-05,1.0
2019-07-06,0.6770601336302895
2019-07-07,0.5991091314031181
2019-07-08,0.49888641425389757
2019-07-09,0.5100222717149221
2019-07-10,0.4766146993318485
2019-07-11,0.5545657015590201
2019-07-12,0.5545657015590201
2019-07-13,0.6770601336302895
2019-07-14,0.6325167037861915
2019-07-15,0.465478841870824
2019-07-16,0.4097995545657016
2019-07-17,0.4543429844097996
2019-07-18,0.4766146993318485
2019-07-19,0.5211581291759465
2019-07-20,0.5879732739420935
2019-07-21,0.5991091314031181
2019-07-22,0.48775055679287305
2019-07-23,0.44320712694877507
2019-07-24,0.4543429844097996
2019-07-25,0.4543429844097996
2019-07-26,0.532293986636971
2019-07-27,0.621380846325167
2019-07-28,0.6102449888641426
2019-07-29,0.465478841870824
2019-07-30,0.44320712694877507
2019-07-31,0.44320712694877507
2019-08-01,0.44565701559020043
2019-08-02,0.5354120267260579
2019-08-03,0.576837416481069
2019-08-04,0.4801781737193764
2019-08-05,0.4318485523385301
2019-08-06,0.39732739420935415
2019-08-07,0.4042316258351893
2019-08-08,0.41804008908685975
2019-08-09,0.42494432071269483
2019-08-10,0.5216035634743875
2019-08-11,0.4387527839643653
2019-08-12,0.33518930957683735
2019-08-13,0.2868596881959913
2019-08-14,0.2868596881959913
2019-08-15,0.2868596881959913
2019-08-16,0.3282850779510022
2019-08-17,0.42494432071269483
2019-08-18,0.38351893095768375
2019-08-19,0.24543429844098
2019-08-20,0.25924276169265026
2019-08-21,0.24543429844098
2019-08-22,0.2661469933184854
2019-08-23,0.2523385300668151
2019-08-24,0.36971046770601335
2019-08-25,0.3559020044543429
2019-08-26,0.21781737193763917
2019-08-27,0.19710467706013376
2019-08-28,0.1694877505567929
2019-08-29,0.19710467706013376
2019-08-30,0.24543429844098
2019-08-31,0.4042316258351893
2019-09-01,0.35412026726057905
2019-09-02,0.22316258351893098
2019-09-03,0.0968819599109132
2019-09-04,0.07817371937639195
2019-09-05,0.10155902004454333
2019-09-06,0.1155902004454343
2019-09-07,0.2371937639198218
2019-09-08,0.2138084632516704
2019-09-09,0.0968819599109132
2019-09-10,0.09220489977728291
2019-09-11,0.08752783964365264
2019-09-12,0.12494432071269486
2019-09-13,0.16236080178173723
2019-09-14,0.25122494432071263
2019-09-15,0.19042316258351888
2019-09-16,0.1670378619153675
2019-09-17,0.14365256124721598
2019-09-18,0.12494432071269486
2019-09-19,0.11091314031180403
2019-09-20,0.1670378619153675
2019-09-21,0.32605790645879734
2019-09-22,0.2371937639198218
2019-09-23,0.1342984409799554
2019-09-24,0.11091314031180403
2019-09-25,0.10155902004454333
2019-09-26,0.1342984409799554
2019-09-27,0.16236080178173723
2019-09-28,0.34944320712694876
2019-09-29,0.27461024498886416
2019-09-30,0.13897550111358584
